favourite_subject,coding_interest,math_skill,creativity_level,communication_skill,problem_solving_skill,career_path
Design,Medium,Low,High,High,Medium,Web Development
Mathematics,High,High,Medium,Medium,High,Data Science
Mathematics,High,High,Medium,Medium,High,Data Science
Programming,High,High,Medium,High,High,Artificial Intelligence
Design,High,Low,Low,High,Low,Software Engineering
Programming,High,High,Medium,High,High,Artificial Intelligence
Programming,High,High,Medium,High,High,Artificial Intelligence
Programming,High,High,Medium,High,High,Artificial Intelligence
Design,Medium,Low,High,High,Medium,Web Development
Mathematics,High,High,Medium,Medium,High,Data Science
Design,Medium,Low,High,High,Medium,Web Development
Mathematics,High,High,Medium,Medium,High,Data Science
Programming,High,Medium,Medium,High,High,Software Engineering
Mathematics,High,High,Medium,Medium,High,Data Science
Networking,High,Medium,Low,Medium,High,Cybersecurity
Programming,High,Medium,Medium,High,High,Software Engineering
Networking,High,Medium,Low,Medium,High,Cybersecurity
Mathematics,High,High,Medium,Medium,High,Data Science
Networking,High,Medium,Low,Medium,High,Cybersecurity
Design,Medium,Low,High,High,Medium,Web Development
Mathematics,High,High,Medium,Medium,High,Data Science
Networking,High,Medium,Low,Medium,High,Cybersecurity
Networking,High,Medium,Low,Medium,High,Cybersecurity
Programming,High,Medium,Medium,High,High,Software Engineering
Networking,High,Medium,Low,Medium,High,Cybersecurity
Networking,High,Medium,Low,Medium,High,Cybersecurity
Networking,High,Medium,Low,Medium,High,Cybersecurity
Mathematics,High,Medium,High,High,High,Cybersecurity
Design,Medium,Low,High,High,Medium,Web Development
Design,Medium,Low,High,High,Medium,Web Development
Design,Medium,Low,High,High,Medium,Web Development
Programming,High,Medium,Medium,High,High,Software Engineering
Networking,High,Medium,Low,Medium,High,Cybersecurity
Programming,High,Medium,Medium,High,High,Software Engineering
Programming,High,High,Medium,High,High,Artificial Intelligence
Design,Medium,Low,High,High,Medium,Web Development
Design,Medium,Low,High,High,Medium,Web Development
Networking,High,Medium,Low,Medium,High,Cybersecurity
Programming,High,Medium,Medium,High,High,Software Engineering
Networking,High,Medium,Low,Medium,High,Cybersecurity
Design,Medium,Low,High,High,Medium,Web Development
Programming,High,Medium,Medium,High,High,Software Engineering
Design,Medium,Low,High,High,Medium,Web Development
Programming,High,High,Medium,High,High,Artificial Intelligence
Networking,High,Medium,Low,Medium,High,Cybersecurity
Programming,High,High,Medium,High,High,Artificial Intelligence
Networking,Medium,Low,Low,High,High,Software Engineering
Business,High,Low,High,High,Medium,Artificial Intelligence
Programming,High,Medium,Medium,High,High,Software Engineering
Design,Medium,Low,High,High,Medium,Web Development
Programming,High,High,Medium,High,High,Artificial Intelligence
Programming,High,Medium,Medium,High,High,Software Engineering
Networking,High,Medium,Low,Medium,High,Cybersecurity
Programming,High,Medium,Medium,High,High,Software Engineering
Networking,High,Medium,Low,Medium,High,Cybersecurity
Programming,High,Medium,Medium,High,High,Software Engineering
Programming,High,Medium,Medium,High,High,Software Engineering
Programming,High,High,Medium,High,High,Artificial Intelligence
Programming,High,Medium,Medium,High,High,Software Engineering
Mathematics,High,High,High,Medium,Low,Web Development
Programming,High,High,Medium,High,High,Artificial Intelligence
Networking,High,Medium,Low,Medium,High,Cybersecurity
Mathematics,Low,Low,High,Low,High,Web Development
Networking,High,Medium,Low,Medium,High,Cybersecurity
Design,Medium,Low,High,High,Medium,Web Development
Design,Medium,Low,High,High,Medium,Web Development
Design,Medium,Low,Low,Medium,Medium,Web Development
Programming,High,Medium,Medium,High,High,Software Engineering
Networking,High,Medium,Low,Medium,High,Cybersecurity
Design,Medium,Low,High,High,Medium,Web Development
Networking,High,Medium,Low,Medium,High,Cybersecurity
Programming,High,High,Medium,High,High,Artificial Intelligence
Programming,High,High,Medium,High,High,Artificial Intelligence
Networking,High,Medium,Low,Medium,High,Cybersecurity
Networking,High,Medium,Low,Medium,High,Cybersecurity
Design,Medium,Low,High,High,Medium,Web Development
Mathematics,High,High,Medium,Medium,High,Data Science
Mathematics,High,High,Medium,Medium,High,Data Science
Programming,High,High,Medium,High,High,Artificial Intelligence
Programming,High,High,Medium,High,High,Artificial Intelligence
Design,Medium,Low,High,High,Medium,Web Development
Mathematics,High,High,Medium,Medium,High,Data Science
Networking,High,Medium,Low,Medium,High,Cybersecurity
Mathematics,High,High,Medium,Medium,High,Data Science
Programming,High,High,Medium,High,High,Artificial Intelligence
Design,Medium,Low,High,High,Medium,Web Development
Design,Medium,Low,High,High,Medium,Web Development
Programming,High,Medium,Medium,High,High,Software Engineering
Networking,High,Medium,Low,Medium,High,Cybersecurity
Networking,High,Medium,Low,Medium,High,Cybersecurity
Networking,High,Medium,Low,Medium,High,Cybersecurity
Programming,High,High,Medium,High,High,Artificial Intelligence
Programming,High,High,Medium,High,High,Artificial Intelligence
Design,Medium,Low,High,High,Medium,Web Development
Networking,High,Medium,Low,Medium,High,Cybersecurity
Mathematics,High,Low,Medium,High,High,Cybersecurity
Design,Medium,Low,High,High,Medium,Web Development
Networking,High,Medium,Low,Medium,High,Cybersecurity
Programming,High,High,Medium,High,High,Artificial Intelligence
Programming,High,High,Medium,High,High,Artificial Intelligence
Programming,High,High,Medium,High,High,Artificial Intelligence
Networking,High,Medium,Low,Medium,High,Cybersecurity
Design,Medium,Low,High,High,Medium,Web Development
Design,Medium,Low,High,High,Medium,Web Development
Design,Medium,Low,High,High,Medium,Web Development
Networking,High,Medium,Low,Medium,High,Cybersecurity
Design,Medium,Low,High,High,Medium,Web Development
Networking,High,Medium,Low,Medium,High,Cybersecurity
Programming,High,Medium,Medium,High,High,Software Engineering
Mathematics,High,High,Medium,Medium,High,Data Science
Networking,High,Medium,Low,Medium,High,Cybersecurity
Networking,High,Medium,Low,Medium,High,Cybersecurity
Mathematics,High,High,Medium,Medium,High,Data Science
Business,Low,Low,Low,Low,Medium,Data Science
Networking,High,Medium,Low,Medium,High,Cybersecurity
Mathematics,High,High,Medium,Medium,High,Data Science
Networking,High,Medium,Low,Medium,High,Cybersecurity
Mathematics,High,High,Medium,Medium,High,Data Science
Networking,High,Medium,Low,Medium,High,Cybersecurity
Programming,High,High,Medium,High,High,Artificial Intelligence
Networking,High,Medium,Low,Medium,High,Cybersecurity
Networking,High,Medium,Low,Medium,High,Cybersecurity
Programming,High,High,Medium,High,High,Artificial Intelligence
Programming,High,Medium,Medium,High,High,Software Engineering
Design,Medium,Low,High,High,Medium,Web Development
Design,Medium,Low,High,High,Medium,Web Development
Mathematics,High,High,Medium,Medium,High,Data Science
Programming,High,Medium,Medium,High,High,Software Engineering
Programming,High,High,Medium,High,High,Artificial Intelligence
Programming,High,High,Medium,High,High,Artificial Intelligence
Design,Medium,Low,High,High,Medium,Web Development
Mathematics,High,Low,High,Medium,Medium,Software Engineering
Networking,High,Medium,Low,Medium,High,Cybersecurity
Programming,High,High,Medium,High,High,Artificial Intelligence
Programming,High,Medium,Medium,High,High,Software Engineering
Networking,High,Medium,Low,Medium,High,Cybersecurity
Mathematics,High,High,Medium,Medium,High,Data Science
Programming,High,High,Medium,High,High,Artificial Intelligence
Programming,High,Medium,Medium,High,High,Software Engineering
Programming,High,High,Medium,High,High,Artificial Intelligence
Networking,High,Medium,Low,Medium,High,Cybersecurity
Programming,High,Medium,Medium,High,High,Software Engineering
Programming,High,High,Medium,High,High,Artificial Intelligence
Programming,High,Medium,Medium,High,High,Software Engineering
Networking,High,Medium,Low,Medium,High,Cybersecurity
Networking,High,Medium,Low,Medium,High,Cybersecurity
Programming,High,Medium,Medium,High,High,Software Engineering
Design,Medium,Low,High,High,Medium,Web Development
Mathematics,High,High,Medium,Medium,High,Data Science
Design,High,Low,Low,Low,High,Software Engineering
Design,Medium,Low,High,High,Medium,Web Development
Design,Medium,Low,High,High,Medium,Web Development
Programming,High,Medium,Medium,High,High,Software Engineering
Science,Low,High,Medium,Medium,Medium,Web Development
Programming,High,High,Medium,High,High,Artificial Intelligence
Programming,High,High,Medium,High,High,Artificial Intelligence
Mathematics,High,High,Medium,Medium,High,Data Science
Networking,High,Medium,Low,Medium,High,Cybersecurity
Networking,High,Medium,Low,Medium,High,Cybersecurity
Programming,High,High,Medium,High,High,Artificial Intelligence
Networking,High,Medium,Low,Medium,High,Cybersecurity
Programming,High,High,Medium,High,High,Artificial Intelligence
Design,Medium,Low,High,High,Medium,Web Development
Programming,High,Medium,Medium,High,High,Software Engineering
Design,High,High,High,Low,Medium,Data Science
Mathematics,High,High,Medium,Medium,High,Data Science
Design,Medium,Low,High,High,Medium,Web Development
Networking,High,Medium,Low,Medium,High,Cybersecurity
Mathematics,High,High,Medium,Medium,High,Data Science
Mathematics,High,High,Medium,Medium,High,Data Science
Mathematics,High,High,Medium,Medium,High,Data Science
Mathematics,High,High,Medium,Medium,High,Data Science
Programming,High,Medium,Medium,High,High,Software Engineering
Programming,High,High,Medium,High,High,Artificial Intelligence
Design,Medium,Low,High,High,Medium,Web Development
Mathematics,High,High,Medium,Medium,High,Data Science
Design,Medium,Low,High,High,Medium,Web Development
Programming,High,Medium,Medium,High,High,Software Engineering
Science,Medium,Low,Low,Low,High,Data Science
Programming,High,Medium,Medium,High,High,Software Engineering
Programming,High,Medium,Medium,High,High,Software Engineering
Networking,High,Medium,Low,Medium,High,Cybersecurity
Programming,High,Medium,Medium,High,High,Software Engineering
Networking,High,Medium,Low,Medium,High,Cybersecurity
Design,Medium,Medium,Medium,Low,Low,Software Engineering
Design,Low,High,Medium,High,High,Artificial Intelligence
Programming,High,Medium,Medium,High,High,Software Engineering
Design,Medium,Low,High,High,Medium,Web Development
Design,Medium,Low,High,High,Medium,Web Development
Networking,High,Medium,Low,Medium,High,Cybersecurity
Networking,High,Medium,Low,Medium,High,Cybersecurity
Mathematics,High,High,Medium,Medium,High,Data Science
Programming,High,Medium,Medium,High,High,Software Engineering
Programming,High,Medium,Medium,High,High,Software Engineering
Programming,High,High,Medium,High,High,Artificial Intelligence
Mathematics,High,High,High,High,High,Software Engineering
Programming,High,Medium,Medium,High,High,Software Engineering
Design,Medium,Low,High,High,Medium,Web Development
Programming,High,Medium,Medium,High,High,Software Engineering
Mathematics,High,High,Medium,Medium,High,Data Science
Mathematics,High,High,Medium,Medium,High,Data Science
Programming,High,High,Medium,High,High,Artificial Intelligence
Mathematics,High,High,Medium,Medium,High,Data Science
Programming,High,High,Medium,High,High,Artificial Intelligence
Design,Medium,Low,High,High,Medium,Web Development
Mathematics,High,High,Medium,Medium,High,Data Science
Design,Medium,Low,High,High,Medium,Web Development
Networking,High,Medium,Low,Medium,High,Cybersecurity
Design,Medium,Low,High,High,Medium,Web Development
Design,Medium,Low,High,High,Medium,Web Development
Design,Medium,Low,High,High,Medium,Web Development
Programming,High,High,Medium,High,High,Artificial Intelligence
Mathematics,High,High,Medium,Medium,High,Data Science
Programming,High,Medium,Medium,High,High,Software Engineering
Networking,High,Medium,Low,Medium,High,Cybersecurity
Design,Medium,Low,High,High,Medium,Web Development
Programming,High,Medium,Medium,High,High,Software Engineering
Programming,High,Medium,Medium,High,High,Software Engineering
Mathematics,High,High,Medium,Medium,High,Data Science
Programming,High,High,Medium,High,High,Artificial Intelligence
Mathematics,High,High,Medium,Medium,High,Data Science
Design,Medium,Low,High,High,Medium,Web Development
Programming,High,High,Medium,High,High,Artificial Intelligence
Programming,High,High,Medium,High,High,Artificial Intelligence
Networking,High,Medium,Low,Medium,High,Cybersecurity
Networking,High,Medium,Low,Medium,High,Cybersecurity
Mathematics,High,High,Medium,Medium,High,Data Science
Mathematics,High,High,Medium,Medium,High,Data Science
Programming,High,High,Medium,High,High,Artificial Intelligence
Mathematics,High,High,Medium,Medium,High,Data Science
Mathematics,High,High,Medium,Medium,High,Data Science
Programming,High,High,Medium,High,High,Artificial Intelligence
Programming,High,High,Medium,High,High,Artificial Intelligence
Programming,High,Medium,Medium,High,High,Software Engineering
Networking,High,Medium,Low,Medium,High,Cybersecurity
Mathematics,High,High,Medium,Medium,High,Data Science
Design,Medium,Low,High,High,Medium,Web Development
Networking,High,Medium,Low,Medium,High,Cybersecurity
Business,Medium,Medium,Medium,Medium,Medium,Web Development
Programming,High,High,Medium,High,High,Artificial Intelligence
Design,Medium,Low,High,High,Medium,Web Development
Programming,High,Medium,Medium,High,High,Software Engineering
Programming,High,High,Medium,High,High,Artificial Intelligence
Mathematics,High,High,Medium,Medium,High,Data Science
Programming,High,High,Medium,High,High,Artificial Intelligence
Programming,High,High,Medium,High,High,Artificial Intelligence
Mathematics,High,High,Medium,Medium,High,Data Science
Networking,High,Medium,Low,Medium,High,Cybersecurity
Programming,High,Medium,Medium,High,High,Software Engineering
Design,Medium,Low,High,High,Medium,Web Development
Design,Medium,Low,High,High,Medium,Web Development
Programming,High,Medium,Medium,High,High,Software Engineering
Design,Medium,Low,High,High,Medium,Web Development
Programming,High,Medium,Medium,High,High,Software Engineering
Design,Medium,Low,High,High,Medium,Web Development
Programming,High,High,Medium,High,High,Artificial Intelligence
Mathematics,High,High,Medium,Medium,High,Data Science
Networking,High,Medium,Low,Medium,High,Cybersecurity
Programming,High,Medium,Medium,High,High,Software Engineering
Design,Medium,Low,High,High,Medium,Web Development
Design,Medium,Low,High,High,Medium,Web Development
Programming,High,High,Medium,High,High,Artificial Intelligence
Programming,High,High,Medium,High,High,Artificial Intelligence
Programming,High,Medium,Medium,High,High,Software Engineering
Design,Medium,Low,High,High,Medium,Web Development
Mathematics,High,High,Medium,Medium,High,Data Science
Programming,High,Medium,Medium,High,High,Software Engineering
Design,Medium,Low,High,High,Medium,Web Development
Networking,High,Medium,Low,Medium,High,Cybersecurity
Mathematics,High,High,Medium,Medium,High,Data Science
Mathematics,High,High,Medium,Medium,High,Data Science
Programming,High,Medium,Medium,High,High,Software Engineering
Programming,High,High,Medium,High,High,Artificial Intelligence
Networking,High,Medium,Low,Medium,High,Cybersecurity
Programming,High,Medium,Medium,High,High,Software Engineering
Programming,High,Medium,Medium,High,High,Software Engineering
Design,Medium,Low,High,High,Medium,Web Development
Programming,High,High,Medium,High,High,Artificial Intelligence
Design,Medium,Low,High,High,Medium,Web Development
Mathematics,High,High,Medium,Medium,High,Data Science
Networking,High,Medium,Low,Medium,High,Cybersecurity
Networking,High,Medium,Low,Medium,High,Cybersecurity
Mathematics,High,High,Medium,Medium,High,Data Science
Programming,High,High,Medium,High,High,Artificial Intelligence
Programming,High,Medium,Medium,High,High,Software Engineering
Programming,High,High,Medium,High,High,Artificial Intelligence
Business,Low,Medium,Low,Low,High,Cybersecurity
Programming,High,High,Medium,High,High,Artificial Intelligence
Programming,High,Medium,Medium,High,High,Software Engineering
Mathematics,High,High,Medium,Medium,High,Data Science
Mathematics,High,High,Medium,Medium,High,Data Science
Networking,High,Medium,Low,Medium,High,Cybersecurity
Programming,High,High,Medium,High,High,Artificial Intelligence
Networking,High,Medium,Low,Medium,High,Cybersecurity
Mathematics,Medium,Low,High,Low,High,Artificial Intelligence
Programming,High,High,Medium,High,High,Artificial Intelligence
Networking,High,Medium,Low,Medium,High,Cybersecurity
Programming,High,High,Medium,High,High,Artificial Intelligence
Networking,High,Medium,Low,Medium,High,Cybersecurity
Programming,High,Medium,Medium,High,High,Software Engineering
Programming,High,Medium,Medium,High,High,Software Engineering
Mathematics,High,High,Medium,Medium,High,Data Science
Design,Medium,Low,High,High,Medium,Web Development
Design,Medium,Low,High,High,Medium,Web Development
Mathematics,High,High,Medium,Medium,High,Data Science
Programming,High,Medium,Medium,High,High,Software Engineering
Mathematics,High,High,Medium,Medium,High,Data Science
Design,Medium,Low,High,High,Medium,Web Development
Networking,High,Medium,Low,Medium,High,Cybersecurity
Networking,High,Medium,Low,Medium,High,Cybersecurity
Networking,High,Medium,Low,Medium,High,Cybersecurity
Mathematics,High,High,Medium,Medium,High,Data Science
Design,Medium,Low,High,High,Medium,Web Development
Networking,High,Medium,Low,Medium,High,Cybersecurity
Programming,High,High,Medium,High,High,Artificial Intelligence
Design,Medium,Low,High,High,Medium,Web Development
Networking,High,Medium,Low,Medium,High,Cybersecurity
Design,Medium,Low,High,High,Medium,Web Development
Mathematics,High,High,Medium,Medium,High,Data Science
Design,High,Medium,Medium,Low,High,Cybersecurity
Mathematics,High,High,Medium,Medium,High,Data Science
Programming,High,High,Medium,High,High,Artificial Intelligence
Programming,High,High,Medium,High,High,Artificial Intelligence
Mathematics,High,High,Medium,Medium,High,Data Science
Programming,High,High,Medium,High,High,Artificial Intelligence
Design,Medium,Low,High,High,Medium,Web Development
Mathematics,High,High,Medium,Medium,High,Data Science
Design,Medium,Low,High,High,Medium,Web Development
Programming,High,Medium,Medium,High,High,Software Engineering
Design,Medium,Low,High,High,Medium,Web Development
Design,Medium,Low,High,High,Medium,Web Development
Mathematics,High,High,Medium,Medium,High,Data Science
Networking,High,Medium,Low,Medium,High,Cybersecurity
Design,Medium,Low,High,High,Medium,Web Development
Programming,High,Medium,Medium,High,High,Software Engineering
Programming,High,Medium,High,High,Medium,Artificial Intelligence
Networking,High,Medium,Low,Medium,High,Cybersecurity
Programming,High,Medium,Medium,High,High,Software Engineering
Networking,Medium,High,Low,High,Medium,Software Engineering
Programming,High,Medium,Medium,High,High,Software Engineering
Programming,High,High,Medium,High,High,Artificial Intelligence
Mathematics,High,High,Medium,Medium,High,Data Science
Networking,High,Medium,Low,Medium,High,Cybersecurity
Networking,High,Medium,Low,Medium,High,Cybersecurity
Mathematics,High,High,Medium,Medium,High,Data Science
Programming,High,Medium,Medium,High,High,Software Engineering
Networking,High,Medium,Low,Medium,High,Cybersecurity
Mathematics,High,High,Medium,Medium,High,Data Science
Programming,High,High,Medium,High,High,Artificial Intelligence
Design,Medium,Low,High,High,Medium,Web Development
Networking,High,Medium,Low,Medium,High,Cybersecurity
Programming,High,Medium,Medium,High,High,Software Engineering
Programming,High,High,Medium,High,High,Artificial Intelligence
Design,Medium,Low,High,High,Medium,Web Development
Networking,Low,Medium,High,High,High,Cybersecurity
Mathematics,High,High,Medium,Medium,High,Data Science
Design,Medium,Low,High,High,Medium,Web Development
Design,Medium,Low,High,High,Medium,Web Development
Programming,High,Medium,Medium,High,High,Software Engineering
Programming,High,Medium,Medium,High,High,Software Engineering
Mathematics,High,High,Medium,Medium,High,Data Science
Mathematics,High,High,Medium,Medium,High,Data Science
Programming,High,Medium,Medium,High,High,Software Engineering
Mathematics,High,High,Medium,Medium,High,Data Science
Networking,High,Medium,Low,Medium,High,Cybersecurity
Programming,High,High,Medium,High,High,Artificial Intelligence
Design,Medium,Low,High,High,Medium,Web Development
Networking,High,Medium,Low,Medium,High,Cybersecurity
Programming,High,Medium,Medium,High,High,Software Engineering
Programming,High,High,Medium,High,High,Artificial Intelligence
Mathematics,High,High,Medium,Medium,High,Data Science
Networking,High,Medium,Low,Medium,High,Cybersecurity
Mathematics,High,High,Medium,Medium,High,Data Science
Programming,High,Medium,Medium,High,High,Software Engineering
Programming,High,High,Medium,High,High,Artificial Intelligence
Programming,High,High,Medium,High,High,Artificial Intelligence
Programming,High,High,Medium,High,High,Artificial Intelligence
Networking,High,Medium,Low,Medium,High,Cybersecurity
Mathematics,High,High,Medium,Medium,High,Data Science
Mathematics,High,High,Medium,Medium,High,Data Science
Design,Medium,Low,High,High,Medium,Web Development
Mathematics,High,High,Medium,Medium,High,Data Science
Programming,High,Medium,Medium,High,High,Software Engineering
Networking,High,Medium,Low,Medium,High,Cybersecurity
Mathematics,High,High,Medium,Medium,High,Data Science
Networking,High,Medium,Low,Medium,High,Cybersecurity
Programming,High,High,Medium,High,High,Artificial Intelligence
Mathematics,High,High,Medium,Medium,High,Data Science
Mathematics,High,High,Medium,Medium,High,Data Science
Design,Medium,Low,High,High,Medium,Web Development
Programming,High,Medium,Medium,High,High,Software Engineering
Design,Medium,Low,High,High,Medium,Web Development
Design,Medium,Low,High,High,Medium,Web Development
Programming,High,Medium,Medium,High,High,Software Engineering
Programming,High,Medium,Medium,High,High,Software Engineering
Design,Medium,Low,High,High,Medium,Web Development
Networking,High,Medium,Low,Medium,High,Cybersecurity
Programming,High,Medium,Medium,High,High,Software Engineering
Mathematics,High,High,Medium,Medium,High,Data Science
Programming,High,High,Medium,High,High,Artificial Intelligence
Programming,High,High,Medium,High,High,Artificial Intelligence
Networking,High,Medium,Low,Medium,High,Cybersecurity
Networking,High,Medium,Low,Medium,High,Cybersecurity
Networking,High,Medium,Low,Medium,High,Cybersecurity
Programming,High,High,Medium,High,High,Artificial Intelligence
Programming,High,High,Medium,High,High,Artificial Intelligence
Programming,High,High,Medium,High,High,Artificial Intelligence
Programming,High,Medium,Medium,High,High,Software Engineering
Programming,High,High,Medium,High,High,Artificial Intelligence
Science,Low,Low,Low,High,Low,Artificial Intelligence
Mathematics,High,High,Medium,Medium,High,Data Science
Programming,High,High,Medium,High,High,Artificial Intelligence
Design,Medium,Low,High,High,Medium,Web Development
Design,Medium,Low,High,High,Medium,Web Development
Design,Medium,High,Low,Medium,High,Data Science
Programming,High,Medium,Medium,High,High,Software Engineering
Networking,High,Medium,Low,Medium,High,Cybersecurity
Networking,High,Medium,Low,Medium,High,Cybersecurity
Design,Medium,Low,High,High,Medium,Web Development
Mathematics,High,High,Medium,Medium,High,Data Science
Programming,High,Medium,Medium,High,High,Software Engineering
Programming,High,High,Medium,High,High,Artificial Intelligence
Programming,High,Medium,Medium,High,High,Software Engineering
Networking,High,Medium,Low,Medium,High,Cybersecurity
Networking,High,Medium,Low,Medium,High,Cybersecurity
Design,Medium,Low,High,High,Medium,Web Development
Mathematics,High,High,Medium,Medium,High,Data Science
Mathematics,High,High,Medium,Medium,High,Data Science
Programming,High,Medium,Medium,High,High,Software Engineering
Mathematics,High,High,Medium,Medium,High,Data Science
Programming,High,Medium,Medium,High,High,Software Engineering
Programming,High,Medium,Medium,High,High,Software Engineering
Networking,High,Medium,Low,Medium,High,Cybersecurity
Design,High,Medium,Medium,Low,Medium,Software Engineering
Programming,High,Medium,Medium,High,High,Software Engineering
Mathematics,High,High,Medium,Medium,High,Data Science
Networking,High,Medium,Low,Medium,High,Cybersecurity
Mathematics,High,High,Medium,Medium,High,Data Science
Mathematics,High,High,Medium,Medium,High,Data Science
Networking,High,Medium,Low,Medium,High,Cybersecurity
Programming,High,Medium,Medium,High,High,Software Engineering
Design,Medium,Low,High,High,Medium,Web Development
Design,Medium,Low,High,High,Medium,Web Development
Networking,High,Medium,Low,Medium,High,Cybersecurity
Networking,High,Medium,Low,Medium,High,Cybersecurity
Networking,High,Medium,Low,Medium,High,Cybersecurity
Programming,High,High,Medium,High,High,Artificial Intelligence
Programming,High,High,Medium,High,High,Artificial Intelligence
Mathematics,High,High,Medium,Medium,High,Data Science
Design,Medium,Low,High,High,Medium,Web Development
Networking,High,Medium,Low,Medium,High,Cybersecurity
Programming,High,High,Medium,High,High,Artificial Intelligence
Networking,High,Medium,Low,Medium,High,Cybersecurity
Mathematics,High,High,Medium,Medium,High,Data Science
Programming,High,High,Medium,High,High,Artificial Intelligence
Programming,High,High,Medium,High,High,Artificial Intelligence
Programming,High,Medium,Medium,High,High,Software Engineering
Mathematics,High,High,Medium,Medium,High,Data Science
Networking,High,Medium,Low,Medium,High,Cybersecurity
Design,Medium,Low,High,High,Medium,Web Development
Programming,High,Medium,Medium,High,High,Software Engineering
Programming,High,High,Medium,High,High,Artificial Intelligence
Programming,High,High,Medium,High,High,Artificial Intelligence
Programming,High,Medium,High,Medium,Low,Data Science
Programming,High,High,Medium,High,High,Artificial Intelligence
Design,Medium,Low,High,High,Medium,Web Development
Programming,High,High,Medium,High,High,Artificial Intelligence
Design,Medium,Low,High,High,Medium,Web Development
Design,Medium,Low,High,High,Medium,Web Development
Programming,High,Medium,Medium,High,High,Software Engineering
Networking,High,Medium,Low,Medium,High,Cybersecurity
Mathematics,High,High,Medium,Medium,High,Data Science
Mathematics,High,High,Medium,Medium,High,Data Science
Programming,High,Medium,Medium,High,High,Software Engineering
Programming,High,Medium,Medium,High,High,Software Engineering
Programming,High,Medium,Medium,High,High,Software Engineering
Design,Medium,Low,High,High,Medium,Web Development
Programming,High,Medium,Medium,High,High,Software Engineering
Mathematics,High,High,Medium,Medium,High,Data Science
Design,Medium,Low,High,High,Medium,Web Development
Mathematics,High,High,Medium,Medium,High,Data Science
Programming,High,High,Medium,High,High,Artificial Intelligence
Design,Medium,Low,High,High,Medium,Web Development
Programming,High,High,Medium,High,High,Artificial Intelligence
Programming,High,Medium,Medium,High,High,Software Engineering
Design,Medium,Low,High,High,Medium,Web Development
Programming,High,Medium,Medium,High,High,Software Engineering
Design,Medium,Low,High,High,Medium,Web Development
Networking,High,Medium,Low,Medium,High,Cybersecurity
Programming,High,Medium,Medium,High,High,Software Engineering
Networking,High,Medium,Low,Medium,High,Cybersecurity
Programming,High,Medium,Medium,High,High,Software Engineering
Programming,High,Medium,Medium,High,High,Software Engineering
Networking,High,Medium,Low,Medium,High,Cybersecurity
Design,Medium,Low,High,High,Medium,Web Development
Networking,High,Medium,Low,Medium,High,Cybersecurity
Programming,High,Medium,Medium,High,High,Software Engineering
Mathematics,High,High,Medium,Medium,High,Data Science
Mathematics,High,High,Medium,Medium,High,Data Science
Programming,High,Medium,Medium,High,High,Software Engineering
Mathematics,High,High,Medium,Medium,High,Data Science
Design,Medium,Low,High,High,Medium,Web Development
Programming,High,Medium,Medium,High,High,Software Engineering
Mathematics,High,High,Medium,Medium,High,Data Science
Mathematics,High,High,Medium,Medium,High,Data Science
Design,Medium,Low,High,High,Medium,Web Development
Mathematics,High,High,Medium,Medium,High,Data Science
Programming,High,High,Medium,High,High,Artificial Intelligence
Networking,High,Medium,Low,Medium,High,Cybersecurity
Programming,High,Medium,Medium,High,High,Software Engineering
Mathematics,Medium,Medium,High,Medium,High,Software Engineering
Programming,High,Medium,Medium,High,High,Software Engineering
Programming,High,Medium,Medium,High,High,Software Engineering
Programming,High,Medium,Medium,High,High,Software Engineering
Networking,High,Medium,Low,Medium,High,Cybersecurity
Programming,High,Medium,Medium,High,High,Software Engineering
Programming,High,High,Medium,High,High,Artificial Intelligence
Design,Medium,Low,High,High,Medium,Web Development
Programming,High,High,Medium,High,High,Artificial Intelligence
Mathematics,High,High,Medium,Medium,High,Data Science
Programming,High,High,Medium,High,High,Artificial Intelligence
Science,Medium,Medium,High,High,High,Web Development
Programming,High,High,Medium,High,High,Artificial Intelligence
Programming,High,Medium,Medium,High,High,Software Engineering
Programming,High,Medium,Medium,High,High,Software Engineering
Programming,High,High,Medium,High,High,Artificial Intelligence
Programming,High,Medium,Medium,High,High,Software Engineering
Programming,High,Medium,Medium,High,High,Software Engineering
Networking,Medium,Medium,High,High,High,Cybersecurity
Mathematics,High,High,Medium,Medium,High,Data Science
Mathematics,High,High,Medium,Medium,High,Data Science
Mathematics,High,High,Medium,Medium,High,Data Science
Design,Medium,Low,High,High,Medium,Web Development
Programming,High,Medium,Medium,High,High,Software Engineering
Networking,High,Medium,Low,Medium,High,Cybersecurity
Mathematics,High,High,Medium,Medium,High,Data Science
Design,Medium,Low,High,High,Medium,Web Development
Business,Medium,Medium,High,Medium,Low,Artificial Intelligence
Design,Medium,Low,High,High,Medium,Web Development
Networking,High,Medium,Low,Medium,High,Cybersecurity
Networking,High,Medium,Low,Medium,High,Cybersecurity
Programming,Medium,Low,Medium,Low,Medium,Cybersecurity
Programming,High,High,Medium,High,High,Artificial Intelligence
Networking,High,Medium,Low,Medium,High,Cybersecurity
Networking,High,Medium,Low,Medium,High,Cybersecurity
Design,Medium,Low,High,High,Medium,Web Development
Programming,High,High,Medium,High,High,Artificial Intelligence
Design,Medium,Low,High,High,Medium,Web Development
Design,Medium,Low,High,High,Medium,Web Development
Mathematics,High,High,Medium,Medium,High,Data Science
Networking,High,Medium,Low,Medium,High,Cybersecurity
Mathematics,High,High,Medium,Medium,High,Data Science
Mathematics,High,High,Medium,Medium,High,Data Science
Mathematics,High,High,Medium,Medium,High,Data Science
Networking,High,Medium,Low,Medium,High,Cybersecurity
Networking,High,Medium,Low,Medium,High,Cybersecurity
Design,Medium,Low,High,High,Medium,Web Development
Programming,High,High,Medium,High,High,Artificial Intelligence
Programming,High,Medium,Medium,High,High,Software Engineering
Design,Medium,Low,High,High,Medium,Web Development
Programming,High,Medium,Medium,High,High,Software Engineering
Programming,High,Medium,Medium,High,High,Software Engineering
Design,Medium,Low,High,High,Medium,Web Development
Programming,High,Medium,Medium,High,High,Software Engineering
Mathematics,High,High,Medium,Medium,High,Data Science
Programming,High,Medium,Medium,High,High,Software Engineering
Design,Medium,Low,High,High,Medium,Web Development
Programming,High,High,Medium,High,High,Artificial Intelligence
Science,Medium,Low,Medium,High,High,Software Engineering
Programming,High,Medium,Medium,High,High,Software Engineering
Mathematics,High,High,Medium,Medium,High,Data Science
Programming,High,Medium,Medium,High,High,Software Engineering
Networking,High,Medium,Low,Medium,Medium,Data Science
Programming,High,High,Medium,High,High,Artificial Intelligence
Networking,High,Medium,Low,Medium,High,Cybersecurity
Science,High,Low,High,Low,High,Data Science
Programming,High,High,Medium,High,High,Artificial Intelligence
Business,Low,Medium,Medium,High,High,Software Engineering
Design,Medium,Low,High,High,Medium,Web Development
Networking,High,Medium,Low,Medium,High,Cybersecurity
Programming,High,High,Medium,High,High,Artificial Intelligence
Programming,High,Medium,Medium,High,High,Software Engineering
Programming,High,High,Medium,High,High,Artificial Intelligence
Programming,High,High,Medium,High,High,Artificial Intelligence
Design,Medium,Low,High,High,Medium,Web Development
Programming,High,Medium,Medium,High,High,Software Engineering
Mathematics,High,High,Medium,Medium,High,Data Science
Programming,High,High,Medium,High,High,Artificial Intelligence
Design,Medium,Low,High,High,Medium,Web Development
Programming,High,Medium,Medium,High,High,Software Engineering
Programming,High,High,Medium,High,High,Artificial Intelligence
Networking,High,Medium,Low,Medium,High,Cybersecurity
Programming,High,Medium,Medium,High,High,Software Engineering
Programming,High,High,Medium,High,High,Artificial Intelligence
Programming,High,Medium,Medium,High,High,Software Engineering
Science,Low,High,Low,High,Low,Cybersecurity
Programming,High,Medium,Medium,High,High,Software Engineering
Programming,High,Medium,Medium,High,High,Software Engineering
Programming,High,High,Medium,High,High,Artificial Intelligence
Mathematics,High,High,Medium,Medium,High,Data Science
Design,Medium,Low,High,High,Medium,Web Development
Programming,High,High,Medium,High,High,Artificial Intelligence
Networking,High,Medium,Low,Medium,High,Cybersecurity
Programming,High,High,Medium,High,High,Artificial Intelligence
Networking,High,Medium,Low,Medium,High,Cybersecurity
Mathematics,High,High,Medium,Medium,High,Data Science
Programming,High,Medium,Medium,High,High,Software Engineering
Programming,High,Medium,Medium,High,High,Software Engineering
Programming,High,High,Medium,High,High,Artificial Intelligence
Programming,High,High,Medium,High,High,Artificial Intelligence
Networking,High,Medium,Low,Medium,High,Cybersecurity
Programming,High,High,Medium,High,High,Artificial Intelligence
Programming,High,High,Medium,High,High,Artificial Intelligence
Networking,High,Medium,Low,Medium,High,Cybersecurity
Programming,High,High,Medium,High,High,Artificial Intelligence
Design,Medium,Low,High,High,Medium,Web Development
Networking,Medium,Low,Low,Medium,High,Software Engineering
Programming,High,Medium,Medium,High,High,Software Engineering
Design,Medium,Low,High,High,Medium,Web Development
Networking,High,Medium,Low,Medium,High,Cybersecurity
Programming,High,High,Medium,High,High,Artificial Intelligence
Design,Medium,Low,High,High,Medium,Web Development
Design,Medium,Low,High,High,Medium,Web Development
Mathematics,High,High,Medium,Medium,High,Data Science
Networking,High,Medium,Low,Medium,High,Cybersecurity
Programming,High,High,Medium,High,High,Artificial Intelligence
Programming,High,Medium,Medium,High,High,Software Engineering
Design,Medium,Low,High,High,Medium,Web Development
Programming,High,Medium,Medium,High,High,Software Engineering
Mathematics,High,High,Medium,Medium,High,Data Science
Programming,High,Medium,Medium,High,High,Software Engineering
Networking,High,Medium,Low,Medium,High,Cybersecurity
Mathematics,High,High,Medium,Medium,High,Data Science
Programming,High,High,Medium,High,High,Artificial Intelligence
Mathematics,High,High,Medium,Medium,High,Data Science
Programming,High,Medium,Medium,High,High,Software Engineering
Programming,High,High,Medium,High,High,Artificial Intelligence
Networking,High,Medium,Low,Medium,High,Cybersecurity
Design,Medium,Low,High,High,Medium,Web Development
Programming,High,Medium,Medium,High,High,Software Engineering
Programming,High,High,Medium,High,High,Artificial Intelligence
Programming,Low,High,Low,Low,Low,Cybersecurity
Networking,High,Medium,Low,Medium,High,Cybersecurity
Networking,High,Medium,Low,Medium,High,Cybersecurity
Design,Medium,Low,High,High,Medium,Web Development
Programming,High,High,Medium,High,High,Artificial Intelligence
Design,Medium,Low,High,High,Medium,Web Development
Networking,High,Medium,Low,Medium,High,Cybersecurity
Networking,High,Medium,Low,Medium,High,Cybersecurity
Networking,High,Medium,Low,Medium,Low,Software Engineering
Mathematics,High,High,Medium,Medium,High,Data Science
Design,Medium,Low,High,High,Medium,Web Development
Programming,High,High,Medium,High,High,Artificial Intelligence
Mathematics,High,High,Medium,Medium,High,Data Science
Networking,High,Medium,Low,Medium,High,Cybersecurity
Networking,Medium,Medium,Low,High,Low,Software Engineering
Mathematics,High,High,Medium,Medium,High,Data Science
Networking,High,Medium,Low,Medium,High,Cybersecurity
Programming,High,Medium,Medium,High,High,Software Engineering
Programming,High,High,Medium,High,High,Artificial Intelligence
Programming,High,High,Medium,High,High,Artificial Intelligence
Mathematics,High,High,Medium,Medium,High,Data Science
Mathematics,High,High,Medium,Medium,High,Data Science
Programming,High,High,Medium,High,High,Artificial Intelligence
Design,Medium,Low,High,High,Medium,Web Development
Programming,High,Medium,Medium,High,High,Software Engineering
Mathematics,High,High,Medium,Medium,High,Data Science
Programming,High,High,Medium,High,High,Artificial Intelligence
Mathematics,High,High,Medium,Medium,High,Data Science
Programming,High,High,Medium,High,High,Artificial Intelligence
Programming,High,Medium,Medium,High,High,Software Engineering
Programming,High,Medium,Medium,High,High,Software Engineering
Mathematics,High,High,Medium,Medium,High,Data Science
Programming,High,Medium,Medium,High,High,Software Engineering
Mathematics,Medium,Low,Medium,Medium,Low,Web Development
Mathematics,High,High,Medium,Medium,High,Data Science
Programming,High,Medium,Medium,High,High,Software Engineering
Networking,High,Medium,Low,Medium,High,Cybersecurity
Networking,High,Medium,Low,Medium,High,Cybersecurity
Programming,High,High,Medium,High,High,Artificial Intelligence
Design,Medium,Low,High,High,Medium,Web Development
Programming,High,Medium,Medium,High,High,Software Engineering
Programming,High,High,Medium,High,High,Artificial Intelligence
Programming,High,High,Medium,High,High,Artificial Intelligence
Networking,High,Medium,Low,Medium,High,Cybersecurity
Programming,High,Medium,Medium,High,High,Software Engineering
Mathematics,High,High,Medium,Medium,High,Data Science
Programming,High,High,Medium,High,High,Artificial Intelligence
Programming,High,Medium,Medium,High,High,Software Engineering
Programming,High,High,Medium,High,High,Artificial Intelligence
Mathematics,High,High,Medium,Medium,High,Data Science
Networking,High,Medium,Low,Medium,High,Cybersecurity
Design,Medium,Low,High,High,Medium,Web Development
Design,Medium,Low,High,High,Medium,Web Development
Networking,High,Medium,Low,Medium,High,Cybersecurity
Design,Medium,Low,High,High,Medium,Web Development
Mathematics,High,High,Medium,Medium,High,Data Science
Science,Medium,High,Low,Low,High,Web Development
Design,Medium,Low,High,High,Medium,Web Development
Programming,High,High,Medium,High,High,Artificial Intelligence
Mathematics,High,High,Medium,Medium,High,Data Science
Networking,High,Medium,Low,Medium,High,Cybersecurity
Networking,High,Medium,Low,Medium,High,Cybersecurity
Programming,High,Medium,Medium,High,High,Software Engineering
Networking,High,Medium,Low,Medium,High,Cybersecurity
Programming,High,High,Medium,High,High,Artificial Intelligence
Design,Medium,Low,High,High,Medium,Web Development
Design,Medium,Low,High,High,Medium,Web Development
Networking,High,Medium,Low,Medium,High,Cybersecurity
Programming,High,High,Medium,High,High,Artificial Intelligence
Mathematics,High,High,Medium,Medium,High,Data Science
Mathematics,High,High,Medium,Medium,High,Data Science
Programming,High,High,Medium,High,High,Artificial Intelligence
Networking,High,Medium,Low,Medium,High,Cybersecurity
Design,Medium,Low,High,High,Medium,Web Development
Networking,High,Medium,Low,Medium,High,Cybersecurity
Design,Medium,Low,High,High,Medium,Web Development
Networking,High,Medium,Low,Medium,High,Cybersecurity
Mathematics,High,High,Medium,Medium,High,Data Science
Design,Medium,Low,High,High,Medium,Web Development
Design,Medium,Low,High,High,Medium,Web Development
Mathematics,Medium,High,Medium,High,Medium,Cybersecurity
Programming,High,Medium,Medium,High,High,Software Engineering
Programming,High,High,Medium,High,High,Artificial Intelligence
Networking,High,Medium,Low,Medium,High,Cybersecurity
Networking,High,Medium,Low,Medium,High,Cybersecurity
Programming,High,Medium,Medium,High,High,Software Engineering
Design,Medium,Low,High,High,Medium,Web Development
Programming,High,Medium,Medium,High,High,Software Engineering
Design,Medium,Low,High,High,Medium,Web Development
Design,Medium,Low,High,High,Medium,Web Development
Design,Medium,Low,High,High,Medium,Web Development
Mathematics,High,High,Medium,Medium,High,Data Science
Mathematics,High,High,Medium,Medium,High,Data Science
Networking,High,Medium,Low,Medium,High,Cybersecurity
Programming,High,High,Medium,High,High,Artificial Intelligence
Programming,High,Medium,Medium,High,High,Software Engineering
Programming,High,Medium,Medium,High,High,Software Engineering
Networking,High,Medium,Low,Medium,High,Cybersecurity
Networking,High,Medium,Low,Medium,High,Cybersecurity
Business,Medium,High,Medium,Medium,High,Software Engineering
Design,Medium,Low,High,High,Medium,Web Development
Networking,High,Medium,Low,Medium,High,Cybersecurity
Programming,High,High,Medium,High,High,Artificial Intelligence
Mathematics,High,High,Medium,Medium,High,Data Science
Design,Medium,Low,High,High,Medium,Web Development
Programming,High,High,Medium,High,High,Artificial Intelligence
Programming,High,High,Medium,High,High,Artificial Intelligence
Design,Medium,Low,High,High,Medium,Web Development
Design,Medium,Low,High,High,Medium,Web Development
Programming,High,High,Medium,High,High,Artificial Intelligence
Design,Medium,Low,High,High,Medium,Web Development
Mathematics,High,High,Medium,Medium,High,Data Science
Mathematics,High,High,Medium,Medium,High,Data Science
Design,Medium,Low,High,High,Medium,Web Development
Mathematics,High,High,Medium,Medium,High,Data Science
Programming,High,High,Medium,High,High,Artificial Intelligence
Mathematics,High,High,Medium,Medium,High,Data Science
Programming,High,High,Medium,High,High,Artificial Intelligence
Design,Medium,Low,High,High,Medium,Web Development
Mathematics,High,High,Medium,Medium,High,Data Science
Programming,High,High,Medium,High,High,Artificial Intelligence
Networking,High,Medium,Low,Medium,High,Cybersecurity
Design,Low,High,Low,High,High,Data Science
Design,Medium,Low,High,High,Medium,Web Development
Mathematics,High,High,Medium,Medium,High,Data Science
Programming,High,Medium,Medium,High,High,Software Engineering
Design,Medium,Low,High,High,Medium,Web Development
Mathematics,High,High,Medium,Medium,High,Data Science
Networking,High,Medium,Low,Medium,High,Cybersecurity
Networking,High,Medium,Low,Medium,High,Cybersecurity
Programming,High,High,Medium,High,High,Artificial Intelligence
Design,Medium,Low,High,High,Medium,Web Development
Design,Medium,Low,High,High,Medium,Web Development
Design,Medium,Low,High,High,Medium,Web Development
Design,Medium,Low,High,High,Medium,Web Development
Programming,High,Medium,Medium,High,High,Software Engineering
Design,Medium,Low,High,High,Medium,Web Development
Mathematics,High,High,Medium,Medium,High,Data Science
Design,Medium,Low,High,High,Medium,Web Development
Programming,High,High,Medium,High,High,Artificial Intelligence
Programming,High,Medium,Medium,High,High,Software Engineering
Programming,High,High,Medium,High,High,Artificial Intelligence
Programming,High,Medium,Medium,High,High,Software Engineering
Programming,High,Medium,Medium,High,High,Software Engineering
Design,Medium,Low,High,High,Medium,Web Development
Programming,High,High,Medium,High,High,Artificial Intelligence
Programming,High,High,Medium,High,High,Artificial Intelligence
Programming,High,High,Medium,High,High,Artificial Intelligence
Networking,High,Medium,Low,Medium,High,Cybersecurity
Programming,High,High,Medium,High,High,Artificial Intelligence
Programming,High,Medium,Medium,High,High,Software Engineering
Design,Medium,Low,High,High,Medium,Web Development
Networking,High,Medium,Low,Medium,High,Cybersecurity
Programming,High,High,Medium,High,High,Artificial Intelligence
Programming,High,Medium,Medium,High,High,Software Engineering
Programming,High,High,Medium,High,High,Artificial Intelligence
Networking,High,Medium,Low,Medium,High,Cybersecurity
Mathematics,High,High,Medium,Medium,High,Data Science
Programming,High,Medium,Medium,High,High,Software Engineering
Programming,High,Medium,Medium,High,High,Software Engineering
Mathematics,High,High,Medium,Medium,High,Data Science
Networking,High,Medium,Low,Medium,High,Cybersecurity
Programming,High,High,Medium,High,High,Artificial Intelligence
Design,Medium,Low,High,High,Medium,Web Development
Networking,High,Medium,Low,Medium,High,Cybersecurity
Programming,High,High,Medium,High,High,Artificial Intelligence
Mathematics,High,High,Medium,Medium,High,Data Science
Mathematics,High,High,Medium,Medium,High,Data Science
Mathematics,High,High,Medium,Medium,High,Data Science
Networking,High,Medium,Low,Medium,High,Cybersecurity
Programming,High,High,Medium,High,High,Artificial Intelligence
Mathematics,High,High,Medium,Medium,High,Data Science
Mathematics,Low,High,Medium,Medium,High,Artificial Intelligence
Programming,High,Medium,Medium,High,High,Software Engineering
Programming,High,Medium,Medium,High,High,Software Engineering
Mathematics,High,High,Medium,Medium,High,Data Science
Design,Medium,Low,High,High,Medium,Web Development
Networking,High,Medium,Low,Medium,High,Cybersecurity
Programming,High,High,Medium,High,High,Artificial Intelligence
Networking,High,Medium,Low,Medium,High,Cybersecurity
Networking,High,Medium,Low,Medium,High,Cybersecurity
Networking,High,Medium,Low,Medium,High,Cybersecurity
Networking,High,Medium,Low,Medium,High,Cybersecurity
Mathematics,High,High,Medium,Medium,High,Data Science
Design,Medium,Low,High,High,Medium,Web Development
Programming,High,High,Medium,High,High,Artificial Intelligence
Mathematics,High,High,Medium,Medium,High,Data Science
Programming,High,Medium,Medium,High,High,Software Engineering
Networking,High,Medium,Low,Medium,High,Cybersecurity
Programming,High,High,Medium,High,High,Artificial Intelligence
Programming,High,High,Medium,High,High,Artificial Intelligence
Programming,High,High,Medium,High,High,Artificial Intelligence
Networking,High,Medium,Low,Medium,High,Cybersecurity
Business,High,Low,High,High,Medium,Artificial Intelligence
Programming,High,High,Medium,High,High,Artificial Intelligence
Networking,High,Medium,Low,Medium,High,Cybersecurity
Programming,High,High,Medium,High,High,Artificial Intelligence
Design,Medium,Low,High,High,Medium,Web Development
Programming,High,High,Medium,High,High,Artificial Intelligence
Mathematics,High,High,Medium,Medium,High,Data Science
Design,Medium,Low,High,High,Medium,Web Development
Programming,High,Medium,Medium,High,High,Software Engineering
Programming,High,Medium,Medium,High,High,Software Engineering
Mathematics,High,High,Medium,Medium,High,Data Science
Networking,High,Medium,Low,Medium,High,Cybersecurity
Mathematics,High,High,Medium,Medium,High,Data Science
Mathematics,High,High,Medium,Medium,High,Data Science
Design,Medium,Low,High,High,Medium,Web Development
Mathematics,High,High,Medium,Medium,High,Data Science
Design,Medium,Low,High,High,Medium,Web Development
Networking,High,Medium,Low,Medium,High,Cybersecurity
Design,Medium,Low,High,High,Medium,Web Development
Design,Medium,Low,High,High,Medium,Web Development
Networking,High,Medium,Low,Medium,High,Cybersecurity
Networking,High,Medium,Low,Medium,High,Cybersecurity
Design,Medium,Low,High,High,Medium,Web Development
Networking,High,Medium,Low,Medium,High,Cybersecurity
Programming,High,Medium,Medium,High,High,Software Engineering
Programming,High,High,Medium,High,High,Artificial Intelligence
Networking,High,Medium,Low,Medium,High,Cybersecurity
Mathematics,High,High,Medium,Medium,High,Data Science
Programming,High,High,Medium,High,High,Artificial Intelligence
Programming,High,High,Medium,High,High,Artificial Intelligence
Mathematics,High,High,Medium,Medium,High,Data Science
Programming,High,Medium,Medium,High,High,Software Engineering
Design,Medium,Low,High,High,Medium,Web Development
Networking,High,Medium,Low,Medium,High,Cybersecurity
Networking,High,Medium,Low,Medium,High,Cybersecurity
Design,High,Medium,Low,Medium,Medium,Cybersecurity
Design,Medium,Low,High,High,Medium,Web Development
Networking,High,Medium,Low,Medium,High,Cybersecurity
Programming,High,Medium,Medium,High,High,Software Engineering
Programming,High,Medium,Medium,High,High,Software Engineering
Programming,High,Medium,Medium,High,High,Software Engineering
Design,Medium,Low,High,High,Medium,Web Development
Design,Medium,Low,High,High,Medium,Web Development
Programming,High,High,Medium,High,High,Artificial Intelligence
Mathematics,High,High,Medium,Medium,High,Data Science
Programming,High,Medium,Medium,High,High,Software Engineering
Design,Medium,Low,High,High,Medium,Web Development
Mathematics,High,High,Medium,Medium,High,Data Science
Programming,High,High,Medium,High,High,Artificial Intelligence
Mathematics,High,Medium,Medium,Low,Medium,Cybersecurity
Networking,High,Medium,Low,Medium,High,Cybersecurity
Science,Low,Low,Medium,Low,Medium,Artificial Intelligence
Programming,High,High,Medium,High,High,Artificial Intelligence
Programming,High,Medium,Medium,High,High,Software Engineering
Programming,High,High,Medium,High,High,Artificial Intelligence
Science,High,High,Low,High,High,Cybersecurity
Mathematics,High,High,Medium,Medium,High,Data Science
Mathematics,High,High,Medium,Medium,High,Data Science
Mathematics,High,High,Medium,Medium,High,Data Science
Business,High,Low,High,High,Medium,Artificial Intelligence
Design,Medium,Low,High,High,Medium,Web Development
Programming,High,High,Medium,High,High,Artificial Intelligence
Programming,High,Medium,Medium,High,High,Software Engineering
Design,Medium,Low,High,High,Medium,Web Development
Programming,High,Medium,Medium,High,High,Software Engineering
Design,Medium,Low,High,High,Medium,Web Development
Networking,High,Medium,Low,Medium,High,Cybersecurity
Programming,High,Medium,Medium,High,High,Software Engineering
Design,Medium,Low,High,High,Medium,Web Development
Mathematics,High,High,Medium,Medium,High,Data Science
Programming,High,Medium,Medium,High,High,Software Engineering
Mathematics,High,High,Medium,Medium,High,Data Science
Networking,High,Medium,Low,Medium,High,Cybersecurity
Programming,High,High,Medium,High,High,Artificial Intelligence
Programming,High,Medium,Medium,High,High,Software Engineering
Design,Medium,Low,High,High,Medium,Web Development
Networking,High,Medium,Low,Medium,High,Cybersecurity
Design,Medium,Low,High,High,Medium,Web Development
Networking,High,Medium,Low,Medium,High,Cybersecurity
Programming,High,High,Medium,High,High,Artificial Intelligence
Programming,High,High,Medium,High,High,Artificial Intelligence
Mathematics,High,High,Medium,Medium,High,Data Science
Programming,High,High,Medium,High,High,Artificial Intelligence
Programming,High,Medium,Medium,High,High,Software Engineering
Mathematics,High,High,Medium,Medium,High,Data Science
Programming,High,Medium,Low,Medium,Low,Cybersecurity
Networking,High,Medium,Low,Medium,High,Cybersecurity
Design,Medium,Low,High,High,Medium,Web Development
Programming,High,High,Medium,High,High,Artificial Intelligence
Design,Medium,Low,High,High,Medium,Web Development
Programming,High,High,Medium,High,High,Artificial Intelligence
Design,Medium,Low,High,High,Medium,Web Development
Networking,High,Medium,Low,Medium,High,Cybersecurity
Design,Low,High,High,High,Low,Web Development
Mathematics,High,High,Medium,Medium,High,Data Science
Networking,High,Medium,Low,Medium,High,Cybersecurity
Mathematics,Medium,High,Low,Medium,Low,Artificial Intelligence
Networking,High,Medium,Low,Medium,High,Cybersecurity
Networking,High,Medium,Low,Medium,High,Cybersecurity
Design,Medium,Low,High,High,Medium,Web Development
Programming,High,Medium,Medium,High,High,Software Engineering
Networking,High,Medium,Low,Medium,High,Cybersecurity
Programming,High,High,Medium,High,High,Artificial Intelligence
Programming,High,High,Medium,High,High,Artificial Intelligence
Mathematics,High,High,Medium,Medium,High,Data Science
Programming,High,High,Medium,High,High,Artificial Intelligence
Business,Low,High,Low,Medium,High,Artificial Intelligence
Networking,High,Medium,Low,Medium,High,Cybersecurity
Programming,High,High,Medium,High,High,Artificial Intelligence
Programming,High,Medium,Medium,High,High,Software Engineering
Programming,High,High,Medium,High,High,Artificial Intelligence
Programming,High,High,Medium,High,High,Artificial Intelligence
Programming,High,High,Medium,High,High,Artificial Intelligence
Programming,High,High,Medium,High,High,Artificial Intelligence
Programming,High,High,Medium,High,High,Artificial Intelligence
Programming,High,High,Medium,High,High,Artificial Intelligence
Programming,High,Medium,Medium,High,High,Software Engineering
Mathematics,High,High,Medium,Medium,High,Data Science
Mathematics,High,High,Medium,Medium,High,Data Science
Programming,High,High,Medium,High,High,Artificial Intelligence
Mathematics,High,High,Medium,Medium,High,Data Science
Mathematics,High,High,Medium,Medium,High,Data Science
Design,Medium,Low,High,High,Medium,Web Development
Programming,High,High,Medium,High,High,Artificial Intelligence
Mathematics,High,High,Medium,Medium,High,Data Science
Programming,High,Medium,Medium,High,High,Software Engineering
Programming,High,High,Medium,High,High,Artificial Intelligence
Design,Medium,Low,High,High,Medium,Web Development
Science,Medium,Low,Low,Medium,Medium,Cybersecurity
Programming,High,High,Medium,High,High,Artificial Intelligence
Networking,High,Medium,Low,Medium,High,Cybersecurity
Programming,High,Medium,Medium,High,High,Software Engineering
Programming,High,Medium,Medium,High,High,Software Engineering
Networking,Medium,High,Medium,Low,High,Data Science
Networking,High,Medium,Low,Medium,High,Cybersecurity
Design,Medium,Low,High,High,Medium,Web Development
Programming,High,Medium,Medium,High,High,Software Engineering
Networking,High,Medium,Low,Medium,High,Cybersecurity
Networking,High,Medium,Low,Medium,High,Cybersecurity
Design,Medium,Low,High,High,Medium,Web Development
Mathematics,High,High,Medium,Medium,High,Data Science
Design,Medium,Low,High,High,Medium,Web Development
Programming,High,Medium,Medium,High,High,Software Engineering
Programming,High,Medium,Medium,High,High,Software Engineering
Programming,High,High,Medium,High,High,Artificial Intelligence
Programming,High,Medium,Medium,High,High,Software Engineering
Design,Medium,Low,High,High,Medium,Web Development
Programming,High,High,Medium,High,High,Artificial Intelligence
Networking,High,Medium,Low,Medium,High,Cybersecurity
Mathematics,High,High,Medium,Medium,High,Data Science
Design,Medium,Low,High,High,Medium,Web Development
Programming,High,High,Medium,High,High,Artificial Intelligence
Programming,High,High,Medium,High,High,Artificial Intelligence
Networking,High,Medium,Low,Medium,High,Cybersecurity
Mathematics,High,High,Medium,Medium,High,Data Science
Networking,Medium,Low,High,Low,Low,Artificial Intelligence
Design,Medium,Low,High,High,Medium,Web Development
Networking,High,Medium,Low,Medium,High,Cybersecurity
Programming,High,Medium,Medium,High,High,Software Engineering
Programming,High,Medium,Medium,High,High,Software Engineering
Programming,High,Medium,Medium,High,High,Software Engineering
Business,High,Medium,High,Medium,High,Web Development
Mathematics,High,High,Medium,Medium,High,Data Science
Programming,High,High,Medium,High,High,Artificial Intelligence
Programming,High,Medium,Medium,High,High,Software Engineering
Design,Medium,Low,High,High,Medium,Web Development
Programming,High,High,Medium,High,High,Artificial Intelligence
Programming,High,Medium,Medium,High,High,Software Engineering
Programming,High,Medium,Medium,High,High,Software Engineering
Programming,High,Medium,Medium,High,High,Software Engineering
Programming,High,High,Medium,High,High,Artificial Intelligence
Mathematics,High,High,Medium,Medium,High,Data Science
Programming,High,High,Medium,High,High,Artificial Intelligence
Programming,High,High,Medium,High,High,Artificial Intelligence
Programming,High,Medium,Medium,High,High,Software Engineering
Programming,High,High,Medium,High,High,Artificial Intelligence
Programming,High,Medium,Medium,High,High,Software Engineering
Networking,High,Medium,Low,Medium,High,Cybersecurity
Programming,High,High,Medium,High,High,Artificial Intelligence
Programming,High,Medium,Medium,High,High,Software Engineering
Design,Medium,Low,High,High,Medium,Web Development
Networking,High,Medium,Low,Medium,High,Cybersecurity
Programming,High,Medium,Medium,High,High,Software Engineering
Programming,High,High,Medium,High,High,Artificial Intelligence
Mathematics,High,High,Medium,Medium,High,Data Science
Programming,High,High,Medium,High,High,Artificial Intelligence
Programming,High,High,Medium,High,High,Artificial Intelligence
Mathematics,High,High,Medium,Medium,High,Data Science
Science,High,High,Medium,Low,Medium,Data Science
Programming,High,High,Medium,High,High,Artificial Intelligence
Programming,High,High,Medium,High,High,Artificial Intelligence
Design,Medium,Low,High,High,Medium,Web Development
Networking,High,Medium,Low,Medium,High,Cybersecurity
Design,Medium,Low,High,High,Medium,Web Development
Mathematics,High,High,Medium,Medium,High,Data Science
Programming,High,High,Medium,High,High,Artificial Intelligence
Programming,High,High,Medium,High,High,Artificial Intelligence
Networking,High,Medium,Low,Medium,High,Cybersecurity
Mathematics,High,High,Medium,Medium,High,Data Science
Mathematics,High,High,Medium,Medium,High,Data Science
Programming,High,Medium,Medium,High,High,Software Engineering
Programming,High,High,Medium,High,High,Artificial Intelligence
Design,Medium,Low,High,High,Medium,Web Development
Mathematics,High,High,Medium,Medium,High,Data Science
Programming,High,Medium,Medium,High,High,Software Engineering
Programming,High,High,Medium,High,High,Artificial Intelligence
Networking,High,Medium,Low,Medium,High,Cybersecurity
Programming,High,High,Medium,High,High,Artificial Intelligence
Design,Medium,Low,High,High,Medium,Web Development
Programming,High,Medium,Medium,High,High,Software Engineering
Mathematics,High,High,Medium,Medium,High,Data Science
Design,Medium,Low,High,High,Medium,Web Development
Design,Medium,Low,High,High,Medium,Web Development
Design,Medium,Low,High,High,Medium,Web Development
Mathematics,High,High,Medium,Medium,High,Data Science
Mathematics,High,High,Medium,Medium,High,Data Science
Networking,High,Medium,Low,Medium,High,Cybersecurity
Programming,High,High,Medium,High,High,Artificial Intelligence
Programming,High,High,Medium,High,High,Artificial Intelligence
Mathematics,High,High,Medium,Medium,High,Data Science
Programming,High,High,Medium,High,High,Artificial Intelligence
Design,Medium,Low,High,High,Medium,Web Development
Networking,High,Medium,Low,Medium,High,Cybersecurity
Programming,High,High,Medium,High,High,Artificial Intelligence
Design,Medium,Low,High,High,Medium,Web Development
Programming,High,High,Medium,High,High,Artificial Intelligence
Programming,High,High,Medium,High,High,Artificial Intelligence
Programming,High,Medium,Medium,High,High,Software Engineering
Design,Medium,Low,High,High,Medium,Web Development
Networking,High,Medium,Low,Medium,High,Cybersecurity
Networking,High,Medium,Low,Medium,High,Cybersecurity
Design,Medium,Low,High,High,Medium,Web Development
Design,Medium,Low,High,High,Medium,Web Development
Programming,High,High,Medium,High,High,Artificial Intelligence
Programming,High,Medium,Medium,High,High,Software Engineering
Programming,High,High,Medium,High,High,Artificial Intelligence
Design,Medium,Low,High,High,Medium,Web Development
Networking,High,Medium,Low,Medium,High,Cybersecurity
Programming,High,Medium,Medium,High,High,Software Engineering
Mathematics,High,High,Medium,Medium,High,Data Science
Mathematics,High,High,Medium,Medium,High,Data Science
Programming,High,Medium,Medium,High,High,Software Engineering
Programming,High,Medium,Medium,High,High,Software Engineering
Programming,High,Medium,Medium,High,High,Software Engineering
Programming,High,Medium,Medium,High,High,Software Engineering
Networking,High,Medium,Low,Medium,High,Cybersecurity
Design,Medium,Low,High,High,Medium,Web Development
Programming,High,Medium,Medium,High,High,Software Engineering
Programming,High,High,Medium,High,High,Artificial Intelligence
Networking,High,Medium,Low,Medium,High,Cybersecurity
Programming,High,Medium,Medium,High,High,Software Engineering
Mathematics,High,High,Medium,Medium,High,Data Science
Programming,High,High,Medium,High,High,Artificial Intelligence
Mathematics,High,High,Medium,Medium,High,Data Science
Design,Medium,Low,High,High,Medium,Web Development
Programming,High,High,Medium,High,High,Artificial Intelligence
Programming,High,High,Medium,High,High,Artificial Intelligence
Programming,High,Medium,Medium,High,High,Software Engineering
Networking,High,Medium,Low,Medium,High,Cybersecurity
Networking,Medium,Low,Medium,Low,High,Software Engineering
Design,Medium,Low,High,High,Medium,Web Development
Programming,High,Medium,Medium,High,High,Software Engineering
Design,Medium,Low,High,High,Medium,Web Development
Programming,High,Medium,Medium,High,High,Software Engineering
Programming,High,High,Medium,High,High,Artificial Intelligence
Networking,High,Medium,Low,Medium,High,Cybersecurity
Networking,High,Medium,Low,Medium,High,Cybersecurity
Programming,High,High,Medium,High,High,Artificial Intelligence
Mathematics,High,High,Medium,Medium,High,Data Science
Networking,High,Medium,Low,Medium,High,Cybersecurity
Mathematics,High,High,Low,Medium,Medium,Data Science
Mathematics,High,High,Medium,Medium,High,Data Science
Design,Medium,Low,High,High,Medium,Web Development
Design,Medium,Low,High,High,Medium,Web Development
Networking,High,Medium,Low,Medium,High,Cybersecurity
Programming,High,Medium,Medium,High,High,Software Engineering
Mathematics,High,High,Medium,Medium,High,Data Science
Networking,High,Medium,Low,Medium,High,Cybersecurity
Mathematics,High,High,Medium,Medium,High,Data Science
Design,Medium,Low,High,High,Medium,Web Development
Mathematics,High,High,Medium,Medium,High,Data Science
Mathematics,High,High,Medium,Medium,High,Data Science
Networking,High,Medium,Low,Medium,High,Cybersecurity
Networking,High,Medium,Low,Medium,High,Cybersecurity
Programming,High,Medium,Medium,High,High,Software Engineering
Programming,High,Medium,Medium,High,High,Software Engineering
Mathematics,High,High,Medium,Medium,High,Data Science
Networking,High,Medium,Low,Medium,High,Cybersecurity
Networking,High,Medium,Low,Medium,High,Cybersecurity
Programming,High,Medium,Medium,High,High,Software Engineering
Programming,High,High,Medium,High,High,Artificial Intelligence
Mathematics,High,High,Medium,Medium,High,Data Science
Mathematics,High,High,Medium,Medium,High,Data Science
Mathematics,High,High,Medium,Medium,High,Data Science
Mathematics,High,High,Medium,Medium,High,Data Science
Mathematics,High,High,Medium,Medium,High,Data Science
Programming,High,Medium,Medium,High,High,Software Engineering
Programming,High,Medium,Medium,High,High,Software Engineering
Programming,High,Medium,Medium,High,High,Software Engineering
Design,Medium,Low,High,High,Medium,Web Development
Design,Medium,Low,High,High,Medium,Web Development
Mathematics,High,High,Medium,Medium,High,Data Science
Programming,High,High,Medium,High,High,Artificial Intelligence
Mathematics,High,High,Medium,Medium,High,Data Science
Programming,High,Medium,Medium,High,High,Software Engineering
Science,Low,Medium,Low,High,Medium,Cybersecurity
Networking,High,Low,High,Low,High,Software Engineering
Programming,High,High,Medium,High,High,Artificial Intelligence
Programming,High,High,Medium,High,High,Artificial Intelligence
Programming,High,Medium,Medium,High,High,Software Engineering
Mathematics,High,High,Medium,Medium,High,Data Science
Design,Medium,Low,High,High,Medium,Web Development
Mathematics,High,High,Medium,Medium,High,Data Science
Networking,High,Medium,Low,Medium,High,Cybersecurity
Design,Medium,Low,High,High,Medium,Web Development
Programming,High,High,Medium,High,High,Artificial Intelligence
Networking,High,Medium,Low,Medium,High,Cybersecurity
Mathematics,High,High,Medium,Medium,High,Data Science
Networking,High,High,High,High,Low,Data Science
Mathematics,High,High,Medium,Medium,High,Data Science
Design,Medium,Low,High,High,Medium,Web Development
Networking,High,Medium,Low,Medium,High,Cybersecurity
Programming,High,Medium,Medium,High,High,Software Engineering
Design,Medium,Low,High,High,Medium,Web Development
Networking,High,Medium,Low,Medium,High,Cybersecurity
Programming,High,High,Medium,High,High,Artificial Intelligence
Programming,High,Medium,Medium,High,High,Software Engineering
Programming,High,High,Medium,High,High,Artificial Intelligence
Networking,High,Medium,Low,Medium,High,Cybersecurity
Programming,High,High,Medium,High,High,Artificial Intelligence
Design,Medium,Low,High,High,Medium,Web Development
Mathematics,High,High,Medium,Medium,High,Data Science
Design,Medium,Low,High,High,Medium,Web Development
Programming,High,Medium,Medium,High,High,Software Engineering
Programming,High,Medium,Medium,High,High,Software Engineering
Design,Medium,Low,High,High,Medium,Web Development
Business,Low,High,High,Medium,Low,Web Development
Networking,High,Medium,Low,Medium,High,Cybersecurity
Programming,High,High,Medium,High,High,Artificial Intelligence
Programming,High,High,Medium,High,High,Artificial Intelligence
Programming,High,Medium,Medium,High,High,Software Engineering
Design,Medium,Low,High,High,Medium,Web Development
Mathematics,High,High,Medium,Medium,High,Data Science
Programming,High,High,Medium,High,High,Artificial Intelligence
Mathematics,High,High,Medium,Medium,High,Data Science
Networking,High,Medium,Low,Medium,High,Cybersecurity
Mathematics,High,High,Medium,Medium,High,Data Science
Programming,High,Medium,Medium,High,High,Software Engineering
Mathematics,High,High,Medium,Medium,High,Data Science
Networking,High,Medium,Low,Medium,High,Cybersecurity
Mathematics,High,High,Medium,Medium,High,Data Science
Networking,High,Medium,Low,Medium,High,Cybersecurity
Programming,High,High,Medium,High,High,Artificial Intelligence
Mathematics,High,High,Medium,Medium,High,Data Science
Design,Medium,Low,High,High,Medium,Web Development
Programming,High,Medium,Medium,High,High,Software Engineering
Programming,High,Medium,Medium,High,High,Software Engineering
Design,Medium,Low,High,High,Medium,Web Development
Mathematics,High,High,Medium,Medium,High,Data Science
Mathematics,High,High,Medium,Medium,High,Data Science
Programming,High,High,Medium,High,High,Artificial Intelligence
Programming,High,Medium,Medium,High,High,Software Engineering
Networking,High,Medium,Low,Medium,High,Cybersecurity
Programming,High,Medium,Medium,High,High,Software Engineering
Programming,High,Medium,Medium,High,High,Software Engineering
Mathematics,High,High,Medium,Medium,High,Data Science
Mathematics,High,High,Medium,Medium,High,Data Science
Mathematics,High,High,Medium,Medium,High,Data Science
Programming,High,Medium,Medium,High,High,Software Engineering
Science,High,Medium,Low,Low,Low,Software Engineering
Programming,High,Medium,Medium,High,High,Software Engineering
Mathematics,High,High,Medium,Medium,High,Data Science
Design,Medium,Low,High,High,Medium,Web Development
Mathematics,High,High,Medium,Medium,High,Data Science
Mathematics,High,High,Medium,Medium,High,Data Science
Networking,High,Medium,Low,Medium,High,Cybersecurity
Networking,High,Medium,Low,Medium,High,Cybersecurity
Programming,High,High,Medium,High,High,Artificial Intelligence
Programming,High,Medium,Low,Low,Low,Artificial Intelligence
Networking,High,Medium,Low,Medium,High,Cybersecurity
Networking,High,Medium,Low,Medium,High,Cybersecurity
Programming,High,High,Medium,High,High,Artificial Intelligence
Business,High,Medium,Low,High,High,Data Science
Design,Medium,Low,High,High,Medium,Web Development
Programming,High,Medium,Medium,High,High,Software Engineering
Programming,High,Medium,Medium,High,High,Software Engineering
Networking,High,Medium,Low,Medium,High,Cybersecurity
Programming,High,High,Medium,High,High,Artificial Intelligence
Mathematics,High,High,Medium,Medium,High,Data Science
Programming,High,Medium,Medium,High,High,Software Engineering
Design,Medium,Low,High,High,Medium,Web Development
Programming,High,High,Medium,High,High,Artificial Intelligence
Programming,High,High,Medium,High,High,Artificial Intelligence
Programming,High,Medium,Medium,High,High,Software Engineering
Networking,High,Medium,Low,Medium,High,Cybersecurity
Design,Medium,Low,High,High,Medium,Web Development
Programming,High,Medium,Medium,High,High,Software Engineering
Mathematics,High,High,Medium,Medium,High,Data Science
Science,Medium,High,Low,High,High,Software Engineering
Mathematics,High,High,Medium,Medium,High,Data Science
Programming,High,High,Medium,High,High,Artificial Intelligence
Mathematics,High,High,Medium,Medium,High,Data Science
Networking,High,Medium,Low,Medium,High,Cybersecurity
Mathematics,Medium,Medium,Medium,High,High,Cybersecurity
Business,High,High,Medium,High,Medium,Data Science
Design,Medium,Low,High,High,Medium,Web Development
Mathematics,High,High,Medium,Medium,High,Data Science
Networking,High,Medium,Low,Medium,High,Cybersecurity
Programming,High,Medium,Medium,High,High,Software Engineering
Mathematics,High,High,Medium,Medium,High,Data Science
Programming,High,Medium,Medium,High,High,Software Engineering
Networking,High,Medium,Low,Medium,High,Cybersecurity
Programming,High,High,Medium,High,High,Artificial Intelligence
Networking,High,Medium,Low,Medium,High,Cybersecurity
Design,Medium,Low,High,High,Medium,Web Development
Mathematics,High,High,Medium,Medium,High,Data Science
Networking,High,Medium,Low,Medium,High,Cybersecurity
Programming,Medium,High,Low,High,High,Web Development
Programming,High,High,Medium,High,High,Artificial Intelligence
Networking,Medium,Medium,High,High,Medium,Data Science
Design,Medium,Low,High,High,Medium,Web Development
Design,Medium,Low,High,High,Medium,Web Development
Mathematics,High,High,Medium,Medium,High,Data Science
Networking,High,Medium,Low,Medium,High,Cybersecurity
Programming,High,High,Medium,High,High,Artificial Intelligence
Networking,High,Medium,Low,Medium,High,Cybersecurity
Programming,High,High,Medium,High,High,Artificial Intelligence
Mathematics,High,High,Medium,Medium,High,Data Science
Programming,High,Medium,Medium,High,High,Software Engineering
Networking,High,Medium,Low,Medium,High,Cybersecurity
Science,Medium,High,High,High,Medium,Web Development
Design,Medium,Low,High,High,Medium,Web Development
Networking,High,Medium,Low,Medium,High,Cybersecurity
Mathematics,High,High,Medium,Medium,High,Data Science
Programming,High,High,Medium,High,High,Artificial Intelligence
Mathematics,High,High,Medium,Medium,High,Data Science
Programming,High,Medium,Medium,High,High,Software Engineering
Programming,High,High,Medium,High,High,Artificial Intelligence
Programming,High,High,Medium,High,High,Artificial Intelligence
Design,Medium,Low,High,High,Medium,Web Development
Mathematics,High,High,Medium,Medium,High,Data Science
Networking,High,Medium,Low,Medium,High,Cybersecurity
Mathematics,High,High,Medium,Medium,High,Data Science
Mathematics,High,High,Medium,Medium,High,Data Science
Design,Medium,Low,High,High,Medium,Web Development
Mathematics,High,High,Medium,Medium,High,Data Science
Programming,High,Medium,Medium,High,High,Software Engineering
Science,High,Low,Low,High,High,Software Engineering
Design,Medium,Low,High,High,Medium,Web Development
Design,Medium,Medium,Low,Low,Low,Web Development
Networking,High,Medium,Low,Medium,High,Cybersecurity
Programming,High,High,Medium,High,High,Artificial Intelligence
Programming,High,High,Medium,High,High,Artificial Intelligence
Science,Low,High,Medium,High,High,Software Engineering
Design,Medium,Low,High,High,Medium,Web Development
Programming,High,Medium,Low,Low,Low,Artificial Intelligence
Networking,High,Medium,Low,Medium,High,Cybersecurity
Networking,High,Medium,Low,Medium,High,Cybersecurity
Programming,High,High,Medium,High,High,Artificial Intelligence
Mathematics,High,High,Medium,Medium,High,Data Science
Programming,High,Medium,Medium,High,High,Software Engineering
Design,Medium,Low,High,High,Medium,Web Development
Mathematics,High,High,Medium,Medium,High,Data Science
Design,Medium,Low,High,High,Medium,Web Development
Programming,High,Low,High,Medium,High,Artificial Intelligence
Mathematics,High,High,Medium,Medium,High,Data Science
Mathematics,High,High,Medium,Medium,High,Data Science
Programming,High,Medium,Medium,High,High,Software Engineering
Design,Medium,Low,High,High,Medium,Web Development
Networking,High,Medium,Low,Medium,High,Cybersecurity
Design,Medium,Low,High,High,Medium,Web Development
Mathematics,High,High,Medium,Medium,High,Data Science
Programming,High,High,Medium,High,High,Artificial Intelligence
Programming,High,Medium,Medium,High,High,Software Engineering
Design,Medium,Low,High,High,Medium,Web Development
Design,Medium,Low,High,High,Medium,Web Development
Mathematics,High,High,Medium,Medium,High,Data Science
Networking,High,Medium,Low,Medium,High,Cybersecurity
Networking,High,Medium,Low,Medium,High,Cybersecurity
Programming,High,Medium,Medium,High,High,Software Engineering
Programming,High,Medium,Medium,High,High,Software Engineering
Design,Medium,Low,High,High,Medium,Web Development
Programming,High,Medium,Medium,High,High,Software Engineering
Networking,High,Medium,Low,Medium,High,Cybersecurity
Networking,High,Medium,Low,Medium,High,Cybersecurity
Programming,High,Medium,Medium,High,High,Software Engineering
Programming,High,Medium,Medium,High,High,Software Engineering
Mathematics,High,High,Medium,Medium,High,Data Science
Networking,High,Medium,Low,Medium,High,Cybersecurity
Networking,High,Medium,Low,Medium,High,Cybersecurity
Programming,High,Medium,Medium,High,High,Software Engineering
Design,Medium,Low,High,High,Medium,Web Development
Programming,High,Medium,Medium,High,High,Software Engineering
Mathematics,High,High,Medium,Medium,High,Data Science
Programming,High,High,Medium,High,High,Artificial Intelligence
Mathematics,High,High,Medium,Medium,High,Data Science
Design,Low,Medium,High,High,Medium,Software Engineering
Mathematics,High,High,Medium,Medium,High,Data Science
Programming,High,High,Medium,High,High,Artificial Intelligence
Networking,High,Medium,Low,Medium,High,Cybersecurity
Design,Medium,Low,High,High,Medium,Web Development
Business,Low,Medium,High,Medium,High,Cybersecurity
Networking,High,Medium,Low,Medium,High,Cybersecurity
Programming,Medium,Low,Low,High,Medium,Artificial Intelligence
Networking,High,Medium,Low,Medium,High,Cybersecurity
Mathematics,High,High,Medium,Medium,High,Data Science
Mathematics,High,High,Medium,Medium,High,Data Science
Mathematics,High,High,Medium,Medium,High,Data Science
Programming,High,High,Medium,High,High,Artificial Intelligence
Design,Medium,Low,High,High,Medium,Web Development
Mathematics,High,High,Medium,Medium,High,Data Science
Mathematics,High,High,Medium,Medium,High,Data Science
Mathematics,High,High,Medium,Medium,High,Data Science
Programming,High,Medium,Medium,High,High,Software Engineering
Networking,High,Low,High,Medium,Low,Web Development
Programming,High,High,Medium,High,High,Artificial Intelligence
Mathematics,High,High,Medium,Medium,High,Data Science
Design,Medium,Low,High,High,Medium,Web Development
Programming,High,High,Medium,High,High,Artificial Intelligence
Programming,High,Medium,Medium,High,High,Software Engineering
Design,Medium,Low,High,High,Medium,Web Development
Networking,High,Medium,Low,Medium,High,Cybersecurity
Mathematics,High,High,Medium,Medium,High,Data Science
Mathematics,High,High,Medium,Medium,High,Data Science
Mathematics,High,High,Medium,Medium,High,Data Science
Design,Medium,Low,High,High,Medium,Web Development
Programming,High,High,Medium,High,High,Artificial Intelligence
Programming,High,Medium,Medium,High,High,Software Engineering
Programming,High,High,Medium,High,High,Artificial Intelligence
Programming,High,High,Medium,High,High,Artificial Intelligence
Programming,High,Medium,Medium,High,High,Software Engineering
Programming,High,Medium,Medium,High,High,Software Engineering
Networking,High,Medium,Low,Medium,High,Cybersecurity
Programming,High,High,Medium,High,High,Artificial Intelligence
Design,Medium,Low,High,High,Medium,Web Development
Science,Low,High,Medium,Medium,Low,Data Science
Mathematics,High,High,Medium,Medium,High,Data Science
Programming,High,Medium,Medium,High,High,Software Engineering
Programming,High,Medium,Medium,High,High,Software Engineering
Networking,High,Medium,Low,Medium,High,Cybersecurity
Mathematics,High,High,Medium,Medium,High,Data Science
Networking,High,Medium,Low,Medium,High,Cybersecurity
Networking,High,Medium,Low,Medium,High,Cybersecurity
Networking,High,Medium,Low,Medium,High,Cybersecurity
Programming,High,High,Medium,High,High,Artificial Intelligence
Programming,High,High,Medium,High,High,Artificial Intelligence
Networking,High,Medium,Low,Medium,High,Cybersecurity
Programming,High,High,Medium,High,High,Artificial Intelligence
Mathematics,High,High,Medium,Medium,High,Data Science
Mathematics,High,High,Medium,Medium,High,Data Science
Design,Medium,Low,High,High,Medium,Web Development
Networking,High,Medium,Low,Medium,High,Cybersecurity
Mathematics,High,High,Medium,Medium,High,Data Science
Networking,High,Medium,Low,Medium,High,Cybersecurity
Science,High,Medium,Low,Medium,Low,Data Science
Mathematics,High,High,Medium,Medium,High,Data Science
Programming,High,Medium,Medium,High,High,Software Engineering
Programming,High,High,Medium,High,High,Artificial Intelligence
Programming,High,Medium,Medium,High,High,Software Engineering
Mathematics,High,High,Medium,Medium,High,Data Science
Networking,High,Medium,Low,Medium,High,Cybersecurity
Programming,High,High,Medium,High,High,Artificial Intelligence
Mathematics,High,High,Medium,Medium,High,Data Science
Mathematics,High,High,Medium,Medium,High,Data Science
Programming,High,Medium,Medium,High,High,Software Engineering
Networking,High,Medium,Low,Medium,High,Cybersecurity
Business,Low,Medium,Low,High,High,Cybersecurity
Programming,High,Medium,Medium,High,High,Software Engineering
Networking,High,Medium,Low,Medium,High,Cybersecurity
Design,Medium,Low,High,High,Medium,Web Development
Programming,High,High,Medium,High,High,Artificial Intelligence
Programming,High,High,Medium,High,High,Artificial Intelligence
Programming,High,Medium,Medium,High,High,Software Engineering
Programming,High,Medium,Medium,High,High,Software Engineering
Design,Medium,Low,High,High,Medium,Web Development
Mathematics,High,High,Medium,Medium,High,Data Science
Mathematics,High,High,Medium,Medium,High,Data Science
Design,Medium,Low,High,High,Medium,Web Development
Programming,High,High,Medium,High,High,Artificial Intelligence
Programming,High,Medium,Medium,High,High,Software Engineering
Mathematics,High,High,Medium,Medium,High,Data Science
Design,Medium,Low,High,High,Medium,Web Development
Design,Medium,Low,High,High,Medium,Web Development
Networking,High,Medium,Low,Medium,High,Cybersecurity
Programming,High,High,Medium,High,High,Artificial Intelligence
Programming,High,High,Medium,High,High,Artificial Intelligence
Networking,High,Medium,Low,Medium,High,Cybersecurity
Design,Medium,Low,High,High,Medium,Web Development
Design,Medium,Low,High,High,Medium,Web Development
Design,Medium,Low,High,High,Medium,Web Development
Design,Medium,Low,High,High,Medium,Web Development
Networking,Medium,High,Low,High,Medium,Cybersecurity
Design,Medium,Low,High,High,Medium,Web Development
Mathematics,High,High,Medium,Medium,High,Data Science
Networking,High,Medium,Low,Medium,High,Cybersecurity
Programming,High,High,Medium,High,High,Artificial Intelligence
Programming,High,Medium,Medium,High,High,Software Engineering
Programming,High,Medium,Medium,High,High,Software Engineering
Programming,High,High,Medium,High,High,Artificial Intelligence
Mathematics,High,High,Medium,Medium,High,Data Science
Design,Medium,Low,High,High,Medium,Web Development
Networking,High,Medium,Low,Medium,High,Cybersecurity
Networking,High,Medium,Low,Medium,High,Cybersecurity
Design,Medium,Low,High,High,Medium,Web Development
Mathematics,High,High,Medium,Medium,High,Data Science
Design,Medium,Low,High,High,Medium,Web Development
Mathematics,High,High,Medium,Medium,High,Data Science
Design,Medium,Low,High,High,Medium,Web Development
Programming,High,High,Medium,High,High,Artificial Intelligence
Mathematics,High,High,Medium,Medium,High,Data Science
Design,Medium,Low,High,Medium,Low,Web Development
Programming,High,High,Medium,High,High,Artificial Intelligence
Programming,High,High,Medium,High,High,Artificial Intelligence
Design,Medium,Low,High,High,Medium,Web Development
Networking,High,Medium,Low,Medium,High,Cybersecurity
Networking,Low,High,Medium,Low,Medium,Web Development
Programming,High,Medium,Medium,High,High,Software Engineering
Programming,High,High,Medium,High,High,Artificial Intelligence
Programming,Low,Medium,Medium,Medium,High,Artificial Intelligence
Mathematics,High,High,Medium,Medium,High,Data Science
Mathematics,High,High,Medium,Medium,High,Data Science
Programming,High,Medium,Medium,High,High,Software Engineering
Networking,High,Medium,Low,Medium,High,Cybersecurity
Design,Medium,Low,High,High,Medium,Web Development
Design,Medium,Low,High,High,Medium,Web Development
Networking,High,Medium,Low,Medium,High,Cybersecurity
Design,Medium,Low,High,High,Medium,Web Development
Networking,High,Medium,Low,Medium,High,Cybersecurity
Design,Medium,Low,High,High,Medium,Web Development
Programming,High,Medium,Medium,High,High,Software Engineering
Programming,High,Medium,Medium,High,High,Software Engineering
Programming,High,Medium,Medium,High,High,Software Engineering
Design,Medium,Low,High,High,Medium,Web Development
Programming,High,Medium,Medium,High,High,Software Engineering
Design,Medium,Low,High,High,Medium,Web Development
Mathematics,High,High,Medium,Medium,High,Data Science
Programming,High,High,Medium,High,High,Artificial Intelligence
Mathematics,High,High,Medium,Medium,High,Data Science
Programming,High,Medium,Medium,High,High,Software Engineering
Mathematics,High,High,Medium,Medium,High,Data Science
Design,Medium,Low,High,High,Medium,Web Development
Mathematics,High,High,Medium,Medium,High,Data Science
Networking,Low,Low,Low,Low,High,Data Science
Programming,High,High,Medium,High,High,Artificial Intelligence
Design,Medium,Low,High,High,Medium,Web Development
Networking,High,Medium,Low,Medium,High,Cybersecurity
Programming,High,Medium,Medium,High,High,Software Engineering
Programming,High,Medium,Medium,High,High,Software Engineering
Design,Medium,Low,High,High,Medium,Web Development
Programming,High,High,Medium,High,High,Artificial Intelligence
Design,Medium,Low,High,High,Medium,Web Development
Design,Medium,Low,High,High,Medium,Web Development
Networking,High,Medium,Low,Medium,High,Cybersecurity
Design,Medium,Low,High,High,Medium,Web Development
Programming,High,Medium,Medium,High,High,Software Engineering
Programming,High,High,Medium,High,High,Artificial Intelligence
Programming,High,High,Medium,High,High,Artificial Intelligence
Networking,High,Medium,Low,Medium,High,Cybersecurity
Design,Medium,Low,High,High,Medium,Web Development
Programming,High,High,Medium,High,High,Artificial Intelligence
Design,Medium,Low,High,High,Medium,Web Development
Programming,High,Medium,Medium,High,High,Software Engineering
Design,Medium,Low,High,High,Medium,Web Development
Programming,High,High,Medium,High,High,Artificial Intelligence
Mathematics,High,High,Medium,Medium,High,Data Science
Business,Low,High,High,Medium,High,Web Development
Mathematics,High,High,Medium,Medium,High,Data Science
Networking,High,Medium,Low,Medium,High,Cybersecurity
Business,Low,High,Low,Medium,High,Artificial Intelligence
Programming,High,Medium,Medium,High,High,Software Engineering
Mathematics,High,High,Medium,Medium,High,Data Science
Design,Medium,Low,High,High,Medium,Web Development
Mathematics,High,High,Medium,Medium,High,Data Science
Design,Medium,Low,High,High,Medium,Web Development
Networking,High,Medium,Low,Medium,High,Cybersecurity
Programming,High,High,Medium,High,High,Artificial Intelligence
Design,Medium,Low,High,High,Medium,Web Development
Programming,High,High,Medium,High,High,Artificial Intelligence
Networking,Medium,Low,Low,High,Medium,Software Engineering
Programming,High,Medium,Medium,High,High,Software Engineering
Programming,High,High,Medium,High,High,Artificial Intelligence
Networking,High,Medium,Low,Medium,High,Cybersecurity
Networking,High,Medium,Low,Medium,High,Cybersecurity
Design,Medium,Low,High,High,Medium,Web Development
Business,Low,Low,Medium,Low,High,Web Development
Networking,High,Medium,Low,Medium,High,Cybersecurity
Mathematics,High,High,Medium,Medium,High,Data Science
Networking,High,Medium,Low,Medium,High,Cybersecurity
Networking,High,Low,Medium,Low,Medium,Web Development
Programming,High,Medium,Medium,High,High,Software Engineering
Programming,High,High,Medium,High,High,Artificial Intelligence
Design,Medium,Low,High,High,Medium,Web Development
Networking,High,Medium,Low,Medium,High,Cybersecurity
Mathematics,High,High,Medium,Medium,High,Data Science
Design,Medium,Low,High,High,Medium,Web Development
Networking,High,Medium,Low,Medium,High,Cybersecurity
Programming,High,Medium,Medium,High,High,Software Engineering
Networking,High,Medium,Low,Medium,High,Cybersecurity
Programming,High,Medium,Medium,High,High,Software Engineering
Programming,High,High,Medium,High,High,Artificial Intelligence
Programming,High,Medium,Medium,High,High,Software Engineering
Programming,High,Medium,Medium,High,High,Software Engineering
Networking,High,Medium,Low,Medium,High,Cybersecurity
Programming,High,High,Medium,High,High,Artificial Intelligence
Mathematics,High,High,Medium,Medium,High,Data Science
Design,Medium,Low,High,High,Medium,Web Development
Mathematics,High,High,Medium,Medium,High,Data Science
Programming,High,High,Medium,High,High,Artificial Intelligence
Networking,Medium,Medium,Low,High,High,Data Science
Programming,High,High,Medium,High,High,Artificial Intelligence
Programming,High,High,Medium,High,High,Artificial Intelligence
Design,Medium,Low,High,High,Medium,Web Development
Networking,High,Medium,Low,Medium,High,Cybersecurity
Programming,High,High,Medium,High,High,Artificial Intelligence
Programming,High,Medium,Medium,High,High,Software Engineering
Programming,High,High,Medium,High,High,Artificial Intelligence
Design,Medium,Low,High,High,Medium,Web Development
Mathematics,High,High,High,Medium,Medium,Data Science
Programming,High,High,Medium,High,High,Artificial Intelligence
Programming,High,Medium,Medium,High,High,Software Engineering
Design,Medium,Low,High,High,Medium,Web Development
Design,Medium,Low,High,High,Medium,Web Development
Programming,High,Medium,Medium,High,High,Software Engineering
Programming,High,Medium,Medium,High,High,Software Engineering
Networking,High,Medium,Low,Medium,High,Cybersecurity
Design,Medium,Low,High,High,Medium,Web Development
Mathematics,High,High,Medium,Medium,High,Data Science
Programming,High,High,Medium,High,High,Artificial Intelligence
Networking,High,Medium,Low,Medium,High,Cybersecurity
Programming,High,High,Medium,High,High,Artificial Intelligence
Programming,High,High,Medium,High,High,Artificial Intelligence
Networking,High,Medium,Low,Medium,High,Cybersecurity
Design,Medium,Low,High,High,Medium,Web Development
Mathematics,High,High,Medium,Medium,High,Data Science
Design,Medium,Low,High,High,Medium,Web Development
Programming,High,Medium,Medium,High,High,Software Engineering
Programming,High,Medium,Medium,High,High,Software Engineering
Design,Medium,Low,High,High,Medium,Web Development
Programming,High,Medium,Medium,High,High,Software Engineering
Design,Medium,Low,High,High,Medium,Web Development
Programming,Low,High,High,High,Low,Cybersecurity
Design,Medium,Low,High,High,Medium,Web Development
Programming,High,Medium,Medium,High,High,Software Engineering
Programming,High,Medium,Medium,High,High,Software Engineering
Design,Medium,Low,High,High,Medium,Web Development
Programming,High,Medium,Medium,High,High,Software Engineering
Networking,High,Medium,Low,Medium,High,Cybersecurity
Design,Medium,Low,High,High,Medium,Web Development
Programming,High,Medium,Medium,High,High,Software Engineering
Design,Medium,Low,High,High,Medium,Web Development
Programming,High,High,Medium,High,High,Artificial Intelligence
Networking,High,Medium,Low,Medium,High,Cybersecurity
Programming,High,Medium,Medium,High,High,Software Engineering
Design,Medium,Low,High,High,Medium,Web Development
Networking,High,Medium,Low,Medium,High,Cybersecurity
Programming,High,Medium,Medium,High,High,Software Engineering
Programming,High,Medium,Medium,High,High,Software Engineering
Mathematics,High,High,Medium,Medium,High,Data Science
Networking,High,Medium,Low,Medium,High,Cybersecurity
Networking,High,Medium,Low,Medium,High,Cybersecurity
Programming,High,Medium,Medium,High,High,Software Engineering
Programming,High,Medium,Medium,High,High,Software Engineering
Programming,High,Medium,Medium,High,High,Software Engineering
Programming,High,Medium,Medium,High,High,Software Engineering
Design,Medium,Low,High,High,Medium,Web Development
Programming,High,Medium,Medium,High,High,Software Engineering
Science,High,High,High,Low,Medium,Web Development
Programming,High,Medium,Medium,High,High,Software Engineering
Design,Medium,Low,High,High,Medium,Web Development
Programming,High,Medium,Medium,High,High,Software Engineering
Design,Medium,Low,High,High,Medium,Web Development
Design,Medium,Low,High,High,Medium,Web Development
Design,Medium,Low,High,High,Medium,Web Development
Mathematics,High,High,Medium,Medium,High,Data Science
Networking,High,Medium,Low,Medium,High,Cybersecurity
Mathematics,High,High,Medium,Medium,High,Data Science
Design,Medium,Low,High,High,Medium,Web Development
Networking,High,Medium,Low,Medium,High,Cybersecurity
Business,High,Medium,High,Low,High,Cybersecurity
Networking,High,Medium,Low,Medium,High,Cybersecurity
Programming,High,Medium,Medium,High,High,Software Engineering
Programming,High,Medium,Medium,High,High,Software Engineering
Science,Low,Medium,High,Medium,Medium,Software Engineering
Networking,High,Medium,Low,Medium,High,Cybersecurity
Design,Low,Low,Low,Low,Low,Data Science
Networking,High,Medium,Low,Medium,High,Cybersecurity
Programming,High,Medium,Medium,High,High,Software Engineering
Mathematics,High,High,Medium,Medium,High,Data Science
Design,Medium,Low,High,High,Medium,Web Development
Programming,High,Medium,Medium,High,High,Software Engineering
Networking,High,Medium,Low,Medium,High,Cybersecurity
Programming,High,High,Medium,High,High,Artificial Intelligence
Mathematics,High,High,Medium,Medium,High,Data Science
Networking,High,Medium,Low,Medium,High,Cybersecurity
Programming,High,Medium,Medium,High,High,Software Engineering
Mathematics,High,High,Medium,Medium,High,Data Science
Mathematics,High,High,Medium,Medium,High,Data Science
Design,Medium,Low,High,High,Medium,Web Development
Design,Medium,Low,High,High,Medium,Web Development
Mathematics,High,High,Medium,Medium,High,Data Science
Design,Medium,Low,High,High,Medium,Web Development
Mathematics,High,High,Medium,Medium,High,Data Science
Programming,High,High,Medium,High,High,Artificial Intelligence
Networking,High,Medium,Low,Medium,High,Cybersecurity
Mathematics,High,High,Medium,Medium,High,Data Science
Mathematics,High,High,Medium,Medium,High,Data Science
Networking,High,Medium,Low,Medium,High,Cybersecurity
Mathematics,High,High,Medium,Medium,High,Data Science
Design,Medium,Low,High,High,Medium,Web Development
Programming,High,Medium,Medium,High,High,Software Engineering
Mathematics,High,High,Medium,Medium,High,Data Science
Networking,High,Medium,Low,Medium,High,Cybersecurity
Design,Medium,Low,High,High,Medium,Web Development
Networking,High,Medium,Low,Medium,High,Cybersecurity
Mathematics,High,High,Medium,Medium,High,Data Science
Design,Medium,Low,High,High,Medium,Web Development
Mathematics,High,High,Medium,Medium,High,Data Science
Networking,High,Medium,Low,Medium,High,Cybersecurity
Networking,Low,High,Medium,Medium,Low,Artificial Intelligence
Mathematics,High,High,Medium,Medium,High,Data Science
Design,Medium,Low,High,High,Medium,Web Development
Networking,High,Medium,Low,Medium,High,Cybersecurity
Networking,Medium,Medium,High,Medium,Medium,Cybersecurity
Mathematics,High,High,Medium,Medium,High,Data Science
Mathematics,High,High,Medium,Medium,High,Data Science
Mathematics,Low,Low,Medium,Low,Low,Data Science
Mathematics,High,High,Medium,Medium,High,Data Science
Networking,Low,High,High,Low,High,Artificial Intelligence
Programming,High,High,Medium,High,High,Artificial Intelligence
Mathematics,High,High,Medium,Medium,High,Data Science
Programming,High,High,Medium,High,High,Artificial Intelligence
Mathematics,High,High,Medium,Medium,High,Data Science
Programming,High,High,Medium,High,High,Artificial Intelligence
Design,Medium,Low,High,High,Medium,Web Development
Networking,High,Medium,Low,Medium,High,Cybersecurity
Programming,High,High,Medium,High,High,Artificial Intelligence
Networking,High,Medium,Low,Medium,High,Cybersecurity
Networking,High,Medium,Low,Medium,High,Cybersecurity
Networking,High,Medium,Low,Medium,High,Cybersecurity
Design,Medium,Low,High,High,Medium,Web Development
Programming,High,Medium,Medium,High,High,Software Engineering
Programming,High,Low,Medium,Low,High,Software Engineering
Design,Medium,Low,High,High,Medium,Web Development
Networking,High,Medium,Low,Medium,High,Cybersecurity
Programming,High,Medium,Medium,High,High,Software Engineering
Programming,High,Medium,Medium,High,High,Software Engineering
Networking,High,Medium,Low,Medium,High,Cybersecurity
Programming,High,High,Medium,High,High,Artificial Intelligence
Programming,High,High,Medium,High,High,Artificial Intelligence
Programming,High,Medium,Medium,High,High,Software Engineering
Mathematics,High,High,Medium,Medium,High,Data Science
Networking,High,Medium,Low,Medium,High,Cybersecurity
Networking,High,Medium,Low,Medium,High,Cybersecurity
Programming,High,High,Medium,High,High,Artificial Intelligence
Mathematics,High,High,Medium,Medium,High,Data Science
Programming,High,High,Medium,High,High,Artificial Intelligence
Mathematics,High,High,Medium,Medium,High,Data Science
Mathematics,High,High,Medium,Medium,High,Data Science
Mathematics,High,High,Medium,Medium,High,Data Science
Programming,High,High,Medium,High,High,Artificial Intelligence
Networking,High,Medium,Low,Medium,High,Cybersecurity
Programming,High,High,Medium,High,High,Artificial Intelligence
Mathematics,High,High,Medium,Medium,High,Data Science
Programming,High,Medium,Medium,High,High,Software Engineering
Design,Medium,Low,High,High,Medium,Web Development
Networking,High,Medium,Low,Medium,High,Cybersecurity
Design,Medium,Low,High,High,Medium,Web Development
Mathematics,High,High,Medium,Medium,High,Data Science
Programming,High,High,Medium,High,High,Artificial Intelligence
Mathematics,High,High,Medium,Medium,High,Data Science
Programming,High,High,Medium,High,High,Artificial Intelligence
Programming,High,High,Medium,High,High,Artificial Intelligence
Design,Medium,Low,High,High,Medium,Web Development
Mathematics,High,High,Medium,Medium,High,Data Science
Networking,High,Medium,Low,Medium,High,Cybersecurity
Networking,High,Medium,Low,Medium,High,Cybersecurity
Design,Medium,Low,High,High,Medium,Web Development
Programming,High,Medium,Medium,High,High,Software Engineering
Networking,High,Medium,Low,Medium,High,Cybersecurity
Programming,High,Medium,Medium,High,High,Software Engineering
Mathematics,High,High,Medium,Medium,High,Data Science
Mathematics,High,High,Medium,Medium,High,Data Science
Programming,High,Medium,Medium,High,High,Software Engineering
Design,Medium,Low,High,High,Medium,Web Development
Programming,High,Medium,Medium,High,High,Software Engineering
Programming,High,High,Medium,High,High,Artificial Intelligence
Programming,High,High,Medium,High,High,Artificial Intelligence
Mathematics,High,High,Medium,Medium,High,Data Science
Business,Low,Low,Low,High,Medium,Cybersecurity
Design,Medium,Low,High,High,Medium,Web Development
Design,Medium,Low,High,High,Medium,Web Development
Design,Medium,Low,High,High,Medium,Web Development
Programming,High,Medium,Medium,High,High,Software Engineering
Programming,High,High,Medium,High,High,Artificial Intelligence
Programming,High,Medium,Medium,High,High,Software Engineering
Mathematics,High,High,Medium,Medium,High,Data Science
Networking,High,Medium,Low,Medium,High,Cybersecurity
Programming,High,Medium,Medium,High,High,Software Engineering
Mathematics,High,High,Medium,Medium,High,Data Science
Programming,High,High,Medium,High,High,Artificial Intelligence
Programming,High,High,Medium,High,High,Artificial Intelligence
Programming,High,High,Medium,High,High,Artificial Intelligence
Networking,High,Medium,Low,Medium,High,Cybersecurity
Networking,High,Medium,Low,Medium,High,Cybersecurity
Programming,High,Medium,Medium,High,High,Software Engineering
Programming,High,High,Medium,High,High,Artificial Intelligence
Mathematics,High,High,Medium,Medium,High,Data Science
Programming,High,High,Medium,High,High,Artificial Intelligence
Networking,High,Medium,Low,Medium,High,Cybersecurity
Design,Medium,Low,High,High,Medium,Web Development
Programming,High,Medium,Medium,High,High,Software Engineering
Design,Medium,Low,High,High,Medium,Web Development
Mathematics,High,High,Medium,Medium,High,Data Science
Programming,High,Medium,Medium,High,High,Software Engineering
Design,Medium,Low,High,High,Medium,Web Development
Networking,High,Medium,Low,Medium,High,Cybersecurity
Design,Medium,Low,High,High,Medium,Web Development
Networking,High,Medium,Low,Medium,High,Cybersecurity
Mathematics,High,High,Medium,Medium,High,Data Science
Programming,High,High,Medium,High,High,Artificial Intelligence
Mathematics,High,High,Medium,Medium,High,Data Science
Networking,High,Medium,Low,Medium,High,Cybersecurity
Design,Medium,Low,High,High,Medium,Web Development
Design,Medium,Low,High,High,Medium,Web Development
Networking,High,Medium,Low,Medium,High,Cybersecurity
Programming,High,Medium,Medium,High,High,Software Engineering
Networking,High,Medium,Low,Medium,High,Cybersecurity
Design,Medium,Low,High,High,Medium,Web Development
Mathematics,High,High,Medium,Medium,High,Data Science
Mathematics,High,High,Medium,Medium,High,Data Science
Programming,High,High,Medium,High,High,Artificial Intelligence
Programming,High,High,Medium,High,High,Artificial Intelligence
Programming,High,Medium,Medium,High,High,Software Engineering
Networking,High,Medium,Low,Medium,High,Cybersecurity
Programming,High,Medium,Medium,High,High,Software Engineering
Programming,High,High,Medium,High,High,Artificial Intelligence
Mathematics,High,High,Medium,Medium,High,Data Science
Programming,High,Medium,Medium,High,High,Software Engineering
Networking,High,Medium,Low,Medium,High,Cybersecurity
Mathematics,High,High,Medium,Medium,High,Data Science
Programming,High,Medium,Medium,High,High,Software Engineering
Design,Medium,Low,High,High,Medium,Web Development
Programming,High,High,Medium,High,High,Artificial Intelligence
Mathematics,High,High,Medium,Medium,High,Data Science
Programming,High,Medium,Medium,High,High,Software Engineering
Design,Medium,Low,High,High,Medium,Web Development
Programming,High,High,Medium,High,High,Artificial Intelligence
Design,Medium,Low,High,High,Medium,Web Development
Mathematics,High,High,Medium,Medium,High,Data Science
Programming,High,Medium,Medium,High,High,Software Engineering
Programming,High,Medium,Medium,High,High,Software Engineering
Programming,High,High,Medium,High,High,Artificial Intelligence
Design,Medium,Low,High,High,Medium,Web Development
Programming,High,High,Medium,High,High,Artificial Intelligence
Programming,High,Medium,Medium,High,High,Software Engineering
Networking,High,Medium,Low,Medium,High,Cybersecurity
Programming,High,High,Medium,High,High,Artificial Intelligence
Design,Medium,Low,High,High,Medium,Web Development
Mathematics,High,High,Medium,Medium,High,Data Science
Design,Medium,Low,High,High,Medium,Web Development
Programming,High,Medium,Medium,High,High,Software Engineering
Programming,High,Medium,Medium,High,High,Software Engineering
Programming,High,Medium,Medium,High,High,Software Engineering
Mathematics,High,High,Medium,Medium,High,Data Science
Design,Medium,Low,High,High,Medium,Web Development
Programming,High,Medium,Medium,High,High,Software Engineering
